Serie,Site,Management,Date,Day,Month,Year,Species,Extraction,Weight,Holdfast,Holdfast_perimeter,Stipes,TL,Reproductive,Observaciones
1,Quintay sector A,AMERB,20-04-18,20,4,2018,Lessonia spicata,Varada,0.08,12,,,,,
2,Quintay sector A,AMERB,20-04-18,20,4,2018,Lessonia spicata,Varada,0.08,9,,,,0,
3,Quintay sector A,AMERB,20-04-18,20,4,2018,Lessonia spicata,Varada,1.66,10,,,,0,
4,Quintay sector A,AMERB,20-04-18,20,4,2018,Lessonia spicata,Varada,0.66,17,,,,0,
5,Quintay sector A,AMERB,20-04-18,20,4,2018,Lessonia spicata,Varada,0.86,10,,,,0,
6,Quintay sector A,AMERB,20-04-18,20,4,2018,Lessonia spicata,Varada,0.87,14,,,,0,
7,Quintay sector A,AMERB,20-04-18,20,4,2018,Lessonia spicata,Varada,4.1,19,,,,0,
8,Quintay sector A,AMERB,20-04-18,20,4,2018,Lessonia spicata,Varada,12.5,26,,,,0,
9,Quintay sector A,AMERB,20-04-18,20,4,2018,Lessonia spicata,Varada,0.2,11,,,,0,
10,Quintay sector A,AMERB,20-04-18,20,4,2018,Lessonia trabeculata,Varada,4.86,20,,,,0,
11,Quintay sector A,AMERB,20-04-18,20,4,2018,Lessonia spicata,Varada,8.14,28,,,85,1,
12,Quintay sector A,AMERB,20-04-18,20,4,2018,Lessonia spicata,Varada,5.38,29,,,210,1,
13,Quintay sector A,AMERB,20-04-18,20,4,2018,Lessonia trabeculata,Varada,0.08,4,,,55,0,
14,Quintay sector A,AMERB,20-04-18,20,4,2018,Lessonia spicata,Varada,5.04,30,,,150,0,
15,Quintay sector A,AMERB,20-04-18,20,4,2018,Lessonia spicata,Varada,6.34,31,,,126,0,
16,Quintay sector A,AMERB,20-04-18,20,4,2018,Lessonia spicata,Varada,0.28,9,,,52,0,
17,Quintay sector A,AMERB,20-04-18,20,4,2018,Lessonia spicata,Varada,3.62,26,,,123,0,
18,Quintay sector A,AMERB,20-04-18,20,4,2018,Lessonia spicata,Varada,4.66,27,,,144,0,
19,Quintay sector A,AMERB,20-04-18,20,4,2018,Lessonia spicata,Varada,1.36,13,,,58,1,
20,Quintay sector A,AMERB,20-04-18,20,4,2018,Lessonia spicata,Varada,0.74,9,,,136,0,
21,Quintay sector A,AMERB,20-04-18,20,4,2018,Lessonia spicata,Varada,0.98,18,,,90,0,
22,Quintay sector A,AMERB,20-04-18,20,4,2018,Lessonia spicata,Varada,0.16,10,,,58,0,
23,Quintay sector A,AMERB,20-04-18,20,4,2018,Lessonia spicata,Varada,2.14,15,,,170,0,
24,Quintay sector A,AMERB,20-04-18,20,4,2018,Lessonia spicata,Varada,0.58,16,,,89,0,
25,Quintay sector A,AMERB,20-04-18,20,4,2018,Lessonia spicata,Varada,0.42,12,,,83,0,
26,Quintay sector A,AMERB,20-04-18,20,4,2018,Lessonia spicata,Varada,12.82,39,,,117,0,
27,Quintay sector A,AMERB,20-04-18,20,4,2018,Lessonia spicata,Varada,2.6,19,,,145,0,
28,Quintay sector A,AMERB,20-04-18,20,4,2018,Lessonia spicata,Varada,4.86,26,,,226,0,
29,Quintay sector A,AMERB,20-04-18,20,4,2018,Lessonia spicata,Varada,1.24,24,,,115,0,
30,Quintay sector A,AMERB,20-04-18,20,4,2018,Lessonia spicata,Varada,0.58,15,,,85,0,
31,Quintay sector B,AMERB,24-05-18,24,5,2018,Lessonia trabeculata,Barreteada,3.5,18,NaN,6,152,1,se sac— del transecto 2
32,Quintay sector B,AMERB,24-05-18,24,5,2018,Lessonia trabeculata,Barreteada,7.6,35,NaN,4,184,1,se sac— del transecto 2
33,Quintay sector B,AMERB,24-05-18,24,5,2018,Lessonia trabeculata,Barreteada,3.04,20,NaN,13,108,1,se sac— del transecto 2
34,Quintay sector B,AMERB,24-05-18,24,5,2018,Lessonia trabeculata,Barreteada,2,12,NaN,1,153,1,se sac— del transecto 2
35,Quintay sector B,AMERB,24-05-18,24,5,2018,Lessonia trabeculata,Barreteada,0.62,10,NaN,1,78,1,se sac— del transecto 2
36,Quintay sector B,AMERB,24-05-18,24,5,2018,Lessonia trabeculata,Barreteada,0.56,11,NaN,1,101,1,se sac— del transecto 2
37,Quintay sector B,AMERB,24-05-18,24,5,2018,Lessonia trabeculata,Barreteada,3.54,21,NaN,7,135,1,se sac— del transecto 2
38,Quintay sector B,AMERB,24-05-18,24,5,2018,Lessonia trabeculata,Barreteada,2.8,13,NaN,1,118,1,se sac— del transecto 2
39,Quintay sector B,AMERB,24-05-18,24,5,2018,Lessonia trabeculata,Barreteada,3.28,21,NaN,11,118,1,se sac— del transecto 2
40,Quintay sector B,AMERB,24-05-18,24,5,2018,Lessonia trabeculata,Barreteada,2.48,18,NaN,2,156,1,se sac— del transecto 2
41,Quintay sector B,AMERB,24-05-18,24,5,2018,Lessonia trabeculata,Barreteada,0.018,1.8,NaN,2,18,0,se sac— del transecto 2
42,Cobquecura,AMERB,16-06-18,16,6,2018,Lessonia trabeculata,Barreteada,9.79,41,NaN,8,265,0,
43,Cobquecura,AMERB,16-06-18,16,6,2018,Lessonia trabeculata,Barreteada,8.96,26,NaN,4,240,0,
44,Cobquecura,AMERB,16-06-18,16,6,2018,Lessonia trabeculata,Barreteada,19,35,NaN,7,260,1,
45,Cobquecura,AMERB,16-06-18,16,6,2018,Lessonia trabeculata,Barreteada,9.34,22,NaN,3,290,1,
46,Cobquecura,AMERB,16-06-18,16,6,2018,Lessonia trabeculata,Barreteada,4.16,31,NaN,6,220,1,
47,Cobquecura,AMERB,16-06-18,16,6,2018,Lessonia trabeculata,Barreteada,4.32,30,NaN,2,220,1,
48,Cobquecura,AMERB,16-06-18,16,6,2018,Lessonia trabeculata,Barreteada,0.38,13,NaN,1,130,1,
49,Cobquecura,AMERB,16-06-18,16,6,2018,Lessonia trabeculata,Barreteada,13.84,32,NaN,6,250,1,
50,Cobquecura,AMERB,16-06-18,16,6,2018,Lessonia trabeculata,Barreteada,5.84,41,NaN,6,210,1,
51,Cobquecura,AMERB,16-06-18,16,6,2018,Lessonia trabeculata,Barreteada,2.94,24,NaN,2,270,1,
52,Cobquecura,AMERB,16-06-18,16,6,2018,Lessonia trabeculata,Barreteada,6.44,25,NaN,5,240,1,
53,Cobquecura,AMERB,16-06-18,16,6,2018,Lessonia trabeculata,Barreteada,2.2,17,NaN,2,180,1,
54,Cobquecura,AMERB,16-06-18,16,6,2018,Lessonia trabeculata,Barreteada,1.6,16,NaN,1,220,1,
55,Cobquecura,AMERB,16-06-18,16,6,2018,Lessonia trabeculata,Barreteada,4.46,22,NaN,6,230,1,
56,Cobquecura,AMERB,16-06-18,16,6,2018,Lessonia trabeculata,Barreteada,1.62,25,NaN,3,225,1,
57,Cobquecura,AMERB,16-06-18,16,6,2018,Lessonia trabeculata,Barreteada,6.98,30,NaN,8,180,1,
58,Cobquecura,AMERB,16-06-18,16,6,2018,Lessonia trabeculata,Barreteada,2.16,21,NaN,2,150,1,
59,Cobquecura,AMERB,16-06-18,16,6,2018,Lessonia trabeculata,Barreteada,1.26,15,NaN,1,230,,
60,Cobquecura,AMERB,16-06-18,16,6,2018,Lessonia trabeculata,Barreteada,2.28,21,NaN,3,150,,
61,Cobquecura,AMERB,16-06-18,16,6,2018,Lessonia trabeculata,Barreteada,3.27,21,NaN,2,225,,
62,Cobquecura,AMERB,16-06-18,16,6,2018,Lessonia trabeculata,Barreteada,2.16,23,NaN,4,195,,
63,Cobquecura,AMERB,16-06-18,16,6,2018,Lessonia trabeculata,Barreteada,6,26,NaN,4,240,,
64,Cobquecura,AMERB,16-06-18,16,6,2018,Lessonia trabeculata,Barreteada,1.42,18,NaN,1,260,,
65,Cobquecura,AMERB,16-06-18,16,6,2018,Lessonia trabeculata,Barreteada,2.56,18,NaN,1,210,,
66,Cobquecura,AMERB,16-06-18,16,6,2018,Lessonia trabeculata,Barreteada,2.4,18,NaN,2,235,,
67,Cobquecura,AMERB,16-06-18,16,6,2018,Lessonia trabeculata,Barreteada,7.3,27,NaN,5,245,,
68,Cobquecura,AMERB,16-06-18,16,6,2018,Lessonia trabeculata,Barreteada,1.98,16,NaN,1,187,,
69,Cobquecura,AMERB,16-06-18,16,6,2018,Lessonia trabeculata,Barreteada,0.9,11,NaN,1,174,,
70,Cobquecura,AMERB,16-06-18,16,6,2018,Lessonia trabeculata,Barreteada,1.4,17,NaN,1,218,,
71,Cobquecura,AMERB,16-06-18,16,6,2018,Lessonia trabeculata,Barreteada,0.64,13,NaN,2,113,,
72,Cobquecura,AMERB,16-06-18,16,6,2018,Lessonia trabeculata,Barreteada,0.36,12,NaN,1,118,,
73,Cobquecura,AMERB,16-06-18,16,6,2018,Lessonia trabeculata,Barreteada,5.2,26,NaN,5,216,,
74,Cobquecura,AMERB,16-06-18,16,6,2018,Lessonia trabeculata,Barreteada,3.98,22,NaN,5,165,,
75,Cobquecura,AMERB,16-06-18,16,6,2018,Lessonia trabeculata,Barreteada,1.94,27,NaN,2,137,,
76,Cobquecura,AMERB,17-06-18,17,6,2018,Lessonia spicata,Barreteada,2.16,6,NaN,7,99,,
77,Cobquecura,AMERB,17-06-18,17,6,2018,Lessonia spicata,Barreteada,4.52,19,NaN,3,198,,
78,Cobquecura,AMERB,17-06-18,17,6,2018,Lessonia spicata,Barreteada,3.02,25,NaN,7,126,,
79,Cobquecura,AMERB,17-06-18,17,6,2018,Lessonia spicata,Barreteada,0.2,10,NaN,4,59,,
80,Cobquecura,AMERB,17-06-18,17,6,2018,Lessonia spicata,Barreteada,0.6,11,NaN,8,68,,
81,Cobquecura,AMERB,17-06-18,17,6,2018,Lessonia spicata,Barreteada,1.92,22,NaN,8,108,,
82,Cobquecura,AMERB,17-06-18,17,6,2018,Lessonia spicata,Barreteada,0.78,15,NaN,2,95,,
83,Cobquecura,AMERB,17-06-18,17,6,2018,Lessonia spicata,Barreteada,1.2,14,NaN,10,105,,
84,Cobquecura,AMERB,17-06-18,17,6,2018,Lessonia spicata,Barreteada,18.8,33,NaN,26,213,,
85,Cobquecura,AMERB,17-06-18,17,6,2018,Lessonia spicata,Barreteada,0.001,1,NaN,8,9,,
86,Ventana,AMERB,03-08-18,3,8,2018,Lessonia trabeculata,Barreteada,2.3,17.2,NaN,2,155,0,
87,Ventana,AMERB,03-08-18,3,8,2018,Lessonia trabeculata,Barreteada,0.74,11,NaN,1,124,0,
88,Ventana,AMERB,03-08-18,3,8,2018,Lessonia trabeculata,Barreteada,2.05,16,NaN,4,139,1,
89,Ventana,AMERB,03-08-18,3,8,2018,Lessonia trabeculata,Barreteada,0.18,7,NaN,2,74,1,
90,Ventana,AMERB,03-08-18,3,8,2018,Lessonia trabeculata,Barreteada,4.88,16,NaN,8,183,1,
91,Ventana,AMERB,03-08-18,3,8,2018,Lessonia trabeculata,Barreteada,4.12,21,NaN,7,143,1,
92,Ventana,AMERB,03-08-18,3,8,2018,Lessonia trabeculata,Barreteada,1.58,15,NaN,7,114,1,
93,Ventana,AMERB,03-08-18,3,8,2018,Lessonia trabeculata,Barreteada,1.98,19,NaN,3,137,1,
94,Ventana,AMERB,03-08-18,3,8,2018,Lessonia trabeculata,Barreteada,1.06,12,NaN,1,149,1,Disco estaba incompleto por ruptura al extraer alga
95,Ventana,AMERB,03-08-18,3,8,2018,Lessonia trabeculata,Barreteada,0.56,10,NaN,3,148,1,
96,Ventana,AMERB,03-08-18,3,8,2018,Lessonia trabeculata,Barreteada,1.36,19,NaN,4,139,1,
97,Ventana,AMERB,03-08-18,3,8,2018,Lessonia trabeculata,Barreteada,0.92,13,NaN,3,110,1,
98,Ventana,AMERB,03-08-18,3,8,2018,Lessonia trabeculata,Barreteada,0.86,13,NaN,2,195,1,
99,Ventana,AMERB,03-08-18,3,8,2018,Lessonia trabeculata,Barreteada,4.3,29,NaN,3,185,1,
100,Ventana,AMERB,03-08-18,3,8,2018,Lessonia trabeculata,Barreteada,1.38,20,NaN,1,203,1,
101,Ventana,AMERB,03-08-18,3,8,2018,Lessonia trabeculata,Barreteada,0.86,11,NaN,2,158,1,
102,Ventana,AMERB,03-08-18,3,8,2018,Lessonia trabeculata,Barreteada,4.16,16,NaN,5,139,1,
103,Ventana,AMERB,03-08-18,3,8,2018,Lessonia trabeculata,Barreteada,3.98,12,NaN,3,162,0,
104,Ventana,AMERB,03-08-18,3,8,2018,Lessonia trabeculata,Barreteada,0.02,6,NaN,3,45,0,
105,Ventana,AMERB,03-08-18,3,8,2018,Lessonia trabeculata,Barreteada,1.7,21,NaN,4,138,1,
106,Ventana,AMERB,03-08-18,3,8,2018,Lessonia trabeculata,Barreteada,3.9,25,NaN,2,163,1,
107,Ventana,AMERB,03-08-18,3,8,2018,Lessonia trabeculata,Barreteada,3.82,33,NaN,5,180,1,
108,Ventana,AMERB,03-08-18,3,8,2018,Lessonia trabeculata,Barreteada,0.28,9,NaN,1,107,1,
109,Ventana,AMERB,03-08-18,3,8,2018,Lessonia trabeculata,Barreteada,3.42,33,NaN,5,137,1,
110,Ventana,AMERB,03-08-18,3,8,2018,Lessonia trabeculata,Barreteada,0.014,3.2,NaN,1,25,1,
111,Ventana,AMERB,03-08-18,3,8,2018,Lessonia trabeculata,Barreteada,7.46,26,NaN,9,206,1,
112,Ventana,AMERB,03-08-18,3,8,2018,Lessonia trabeculata,Barreteada,6.36,26,NaN,11,173,1,
113,Ventana,AMERB,03-08-18,3,8,2018,Lessonia trabeculata,Barreteada,1.2,18,NaN,1,165,1,
114,Ventana,AMERB,03-08-18,3,8,2018,Lessonia trabeculata,Barreteada,4.9,28,NaN,5,190,1,
115,Ventana,AMERB,03-08-18,3,8,2018,Lessonia trabeculata,Barreteada,6.65,30,NaN,4,165,1,
116,Ventana,AMERB,09-08-18,9,8,2018,Lessonia spicata,Barreteada,9.82,16,NaN,9,183,,
117,Ventana,AMERB,09-08-18,9,8,2018,Lessonia spicata,Barreteada,3.22,16,NaN,7,103,,
118,Ventana,AMERB,09-08-18,9,8,2018,Lessonia spicata,Barreteada,3.98,18,NaN,10,101,,
119,Ventana,AMERB,09-08-18,9,8,2018,Lessonia spicata,Barreteada,4.26,28,NaN,19,95,,
120,Ventana,AMERB,09-08-18,9,8,2018,Lessonia spicata,Barreteada,0.56,9,NaN,9,72,,
121,Ventana,AMERB,09-08-18,9,8,2018,Lessonia spicata,Barreteada,1.02,10,NaN,36,93,,
122,Ventana,AMERB,09-08-18,9,8,2018,Lessonia spicata,Barreteada,0.5,10,NaN,12,74,,
123,Ventana,AMERB,09-08-18,9,8,2018,Lessonia spicata,Barreteada,0.88,12,NaN,24,97,,
124,Ventana,AMERB,09-08-18,9,8,2018,Lessonia spicata,Barreteada,0.14,7,NaN,1,58,,
125,Ventana,AMERB,09-08-18,9,8,2018,Lessonia spicata,Barreteada,0.086,7,NaN,6,39,0,
126,Ventana,AMERB,09-08-18,9,8,2018,Lessonia spicata,Barreteada,0.189,8,NaN,13,54,0,
127,Ventana,AMERB,09-08-18,9,8,2018,Lessonia spicata,Barreteada,0.111,6,NaN,15,53,0,
128,Ventana,AMERB,09-08-18,9,8,2018,Lessonia spicata,Barreteada,0.026,4,NaN,17,23,0,
129,Ventana,AMERB,16-08-18,16,8,2018,Lessonia spicata,Barreteada,0.94,10.3,NaN,26,78,0,
130,Ventana,AMERB,16-08-18,16,8,2018,Lessonia spicata,Barreteada,0.16,6,NaN,8,54,0,
131,Ventana,AMERB,16-08-18,16,8,2018,Lessonia spicata,Barreteada,0.88,11,NaN,25,66,0,
132,Ventana,AMERB,16-08-18,16,8,2018,Lessonia spicata,Barreteada,0.66,11,NaN,16,61,0,
133,Ventana,AMERB,16-08-18,16,8,2018,Lessonia spicata,Barreteada,0.007,1.4,NaN,1,23,0,
134,Los Vilos sector C,AMERB,28-09-18,28,9,2018,Lessonia trabeculata,Barreteada,2.06,16,26,7,138,0,
135,Los Vilos sector C,AMERB,28-09-18,28,9,2018,Lessonia trabeculata,Barreteada,4.32,16.8,23,6,194,0,
136,Los Vilos sector C,AMERB,28-09-18,28,9,2018,Lessonia trabeculata,Barreteada,2.34,15,30,5,203,0,
137,Los Vilos sector C,AMERB,28-09-18,28,9,2018,Lessonia trabeculata,Barreteada,11,32,47,5,210,1,
138,Los Vilos sector C,AMERB,28-09-18,28,9,2018,Lessonia trabeculata,Barreteada,0.018,4,4,3,26,0,
139,Los Vilos sector C,AMERB,28-09-18,28,9,2018,Lessonia trabeculata,Barreteada,0.068,4.4,5,8,41,0,
140,Los Vilos sector C,AMERB,28-09-18,28,9,2018,Lessonia trabeculata,Barreteada,0.038,5,7,3,40,0,
141,Los Vilos sector C,AMERB,28-09-18,28,9,2018,Lessonia trabeculata,Barreteada,0.088,17,24,3,176,0,
142,Los Vilos sector C,AMERB,28-09-18,28,9,2018,Lessonia trabeculata,Barreteada,2.16,18,23,2,169,0,
143,Los Vilos sector C,AMERB,28-09-18,28,9,2018,Lessonia trabeculata,Barreteada,2.2,23,37,5,163,1,
144,Los Vilos sector C,AMERB,28-09-18,28,9,2018,Lessonia trabeculata,Barreteada,2.2,24,46,3,157,1,
145,Los Vilos sector C,AMERB,28-09-18,28,9,2018,Lessonia trabeculata,Barreteada,2.58,18,30,3,210,1,
146,Los Vilos sector C,AMERB,28-09-18,28,9,2018,Lessonia trabeculata,Barreteada,8.16,25,45,5,200,1,
147,Los Vilos sector C,AMERB,28-09-18,28,9,2018,Lessonia trabeculata,Barreteada,4.86,18,38,2,193,1,
148,Los Vilos sector C,AMERB,28-09-18,28,9,2018,Lessonia trabeculata,Barreteada,0.7,14,17,1,194,0,
149,Los Vilos sector C,AMERB,28-09-18,28,9,2018,Lessonia trabeculata,Barreteada,0.54,11,19,4,106,0,
150,Los Vilos sector C,AMERB,28-09-18,28,9,2018,Lessonia trabeculata,Barreteada,0.4,12,20,3,144,1,Endofito
151,Los Vilos sector C,AMERB,28-09-18,28,9,2018,Lessonia trabeculata,Barreteada,1.24,15,22,3,144,0,
152,Los Vilos sector C,AMERB,28-09-18,28,9,2018,Lessonia trabeculata,Barreteada,8.3,25,27,8,168,0,
153,Los Vilos sector C,AMERB,28-09-18,28,9,2018,Lessonia trabeculata,Barreteada,0.54,6,12,9,82,0,
154,Los Vilos sector C,AMERB,28-09-18,28,9,2018,Lessonia trabeculata,Barreteada,0.01,2,2,20,2,0,
155,Los Vilos sector C,AMERB,28-09-18,28,9,2018,Lessonia trabeculata,Barreteada,3.74,20,27,12,123,1,
156,Los Vilos sector C,AMERB,28-09-18,28,9,2018,Lessonia trabeculata,Barreteada,0.72,14,20,2,184,0,
157,Los Vilos sector C,AMERB,28-09-18,28,9,2018,Lessonia trabeculata,Barreteada,0.88,12,34,2,113,0,
158,Los Vilos sector C,AMERB,28-09-18,28,9,2018,Lessonia trabeculata,Barreteada,18,34,54,15,210,1,
159,Los Vilos sector C,AMERB,28-09-18,28,9,2018,Lessonia trabeculata,Barreteada,0.52,12,15,1,135,0,
160,Los Vilos sector C,AMERB,28-09-18,28,9,2018,Lessonia trabeculata,Barreteada,2.32,13,23,7,139,0,
161,Los Vilos sector C,AMERB,28-09-18,28,9,2018,Lessonia trabeculata,Barreteada,2.44,18,28,5,143,1,
162,Los Vilos sector C,AMERB,28-09-18,28,9,2018,Lessonia trabeculata,Barreteada,2.14,22,32,5,140,0,
163,Los Vilos sector C,AMERB,28-09-18,28,9,2018,Lessonia trabeculata,Barreteada,1.7,15,14,7,115,1,
164,Los Vilos sector C,AMERB,28-09-18,28,9,2018,Lessonia trabeculata,Barreteada,0.18,5,8,4,85,0,
165,Los Vilos sector C,AMERB,28-09-18,28,9,2018,Lessonia trabeculata,Barreteada,3,18,46,2,186,1,
166,Los Vilos sector C,AMERB,28-09-18,28,9,2018,Lessonia trabeculata,Barreteada,0.64,13,18,1,137,0,
167,Los Vilos sector C,AMERB,28-09-18,28,9,2018,Lessonia trabeculata,Barreteada,9.78,21,41,3,167,1,
168,Los Vilos sector C,AMERB,28-09-18,28,9,2018,Lessonia trabeculata,Barreteada,5.78,21,20,2,187,1,
169,Los Vilos sector C,AMERB,28-09-18,28,9,2018,Lessonia trabeculata,Barreteada,2.04,23,36,2,157,1,
170,Los Vilos sector C,AMERB,28-09-18,28,9,2018,Lessonia trabeculata,Barreteada,1.38,12,30,2,125,1,
171,Los Vilos sector C,AMERB,28-09-18,28,9,2018,Lessonia trabeculata,Barreteada,2.56,18,28,3,123,1,
172,Los Vilos sector C,AMERB,28-09-18,28,9,2018,Lessonia trabeculata,Barreteada,3.98,23,33,2,124,1,
173,Los Vilos sector C,AMERB,28-09-18,28,9,2018,Lessonia trabeculata,Barreteada,5.06,23,32,1,181,1,
174,Los Vilos sector C,AMERB,28-09-18,28,9,2018,Lessonia trabeculata,Barreteada,16,35,53,7,234,1,
175,Los Vilos sector C,AMERB,28-09-18,28,9,2018,Lessonia trabeculata,Barreteada,10.1,31,44,5,188,1,
176,Los Vilos sector C,AMERB,28-09-18,28,9,2018,Lessonia trabeculata,Barreteada,3.32,19,41,3,161,1,
177,Los Vilos sector C,AMERB,28-09-18,28,9,2018,Lessonia trabeculata,Barreteada,20,36,66,5,200,1,
178,Los Vilos sector C,AMERB,29-09-18,29,9,2018,Lessonia spicata,Barreteada,5.02,14,20,18,160,0,
179,Los Vilos sector C,AMERB,29-09-18,29,9,2018,Lessonia spicata,Barreteada,4.04,14,27,56,116,0,
180,Los Vilos sector C,AMERB,29-09-18,29,9,2018,Lessonia spicata,Barreteada,4.62,18,30,22,180,0,
181,Los Vilos sector C,AMERB,29-09-18,29,9,2018,Lessonia spicata,Barreteada,3.26,15,25,61,104,0,
182,Los Vilos sector C,AMERB,29-09-18,29,9,2018,Lessonia spicata,Barreteada,13.86,23,45,50,195,1,
183,Los Vilos sector C,AMERB,29-09-18,29,9,2018,Lessonia spicata,Barreteada,2.84,16,26,27,165,0,
184,Los Vilos sector C,AMERB,29-09-18,29,9,2018,Lessonia spicata,Barreteada,0.54,10,16,25,91,0,
185,Los Vilos sector C,AMERB,29-09-18,29,9,2018,Lessonia spicata,Barreteada,1.72,12,26,36,135,1,
186,Los Vilos sector C,AMERB,29-09-18,29,9,2018,Lessonia spicata,Barreteada,0.96,9.4,20,40,113,0,
187,Los Vilos sector C,AMERB,29-09-18,29,9,2018,Lessonia spicata,Barreteada,5.68,14,26,20,179,0,
188,Los Vilos sector C,AMERB,29-09-18,29,9,2018,Lessonia spicata,Barreteada,7.02,14,33,52,167,0,
189,Los Vilos sector C,AMERB,29-09-18,29,9,2018,Lessonia spicata,Barreteada,1.6,12,16,26,131,0,
190,Los Vilos sector C,AMERB,29-09-18,29,9,2018,Lessonia spicata,Barreteada,8.12,21,30,40,177,0,
191,Los Vilos sector C,AMERB,29-09-18,29,9,2018,Lessonia spicata,Barreteada,0.159,5,9,26,53,0,
192,Los Vilos sector C,AMERB,29-09-18,29,9,2018,Lessonia spicata,Barreteada,0.167,5,9,17,50,0,
193,Los Vilos sector C,AMERB,29-09-18,29,9,2018,Lessonia spicata,Barreteada,0.204,7,11,16,57,0,
194,Los Vilos sector C,AMERB,29-09-18,29,9,2018,Lessonia spicata,Barreteada,0.048,3,5,23,31,0,
195,Los Vilos sector C,AMERB,29-09-18,29,9,2018,Lessonia spicata,Barreteada,0.08,3,5,18,,0,
196,Los Vilos sector C,AMERB,29-09-18,29,9,2018,Lessonia spicata,Barreteada,0.091,4.8,6,2,49,0,
197,Los Vilos sector C,AMERB,29-09-18,29,9,2018,Lessonia spicata,Barreteada,0.009,2.6,3.6,15,46,0,
198,Los Vilos sector C,AMERB,29-09-18,29,9,2018,Lessonia spicata,Barreteada,0.029,2.8,4.4,29,18,0,
199,Los Vilos sector C,AMERB,29-09-18,29,9,2018,Lessonia spicata,Barreteada,0.082,6,9,21,32,0,
200,Los Vilos sector C,AMERB,29-09-18,29,9,2018,Lessonia spicata,Barreteada,0.014,2.6,3.8,17,21,0,
201,Los Vilos sector C,AMERB,29-09-18,29,9,2018,Lessonia spicata,Barreteada,0.413,6.8,12,21,43,0,
202,Los Vilos sector C,AMERB,29-09-18,29,9,2018,Lessonia spicata,Barreteada,0.011,2.4,2.6,10,30,0,
203,Los Vilos sector C,AMERB,29-09-18,29,9,2018,Lessonia spicata,Barreteada,0.02,3,4,14,42,0,
204,Los Vilos sector C,AMERB,29-09-18,29,9,2018,Lessonia spicata,Barreteada,0.004,2,2.6,11,26,0,
205,Carrizal Bajo,AMERB,30-10-18,30,10,2018,Lessonia trabeculata,Barreteada,5.09,32,45,7,212,1,
206,Carrizal Bajo,AMERB,30-10-18,30,10,2018,Lessonia trabeculata,Barreteada,2.045,23,31,2,158,1,
207,Carrizal Bajo,AMERB,30-10-18,30,10,2018,Lessonia trabeculata,Barreteada,5.1,17,40,2,193,1,
208,Carrizal Bajo,AMERB,30-10-18,30,10,2018,Lessonia trabeculata,Barreteada,12.2,37,46,7,278,1,
209,Carrizal Bajo,AMERB,30-10-18,30,10,2018,Lessonia trabeculata,Barreteada,1.78,16,23,2,180,1,
210,Carrizal Bajo,AMERB,30-10-18,30,10,2018,Lessonia trabeculata,Barreteada,4.3,25,37,3,190,1,
211,Carrizal Bajo,AMERB,30-10-18,30,10,2018,Lessonia trabeculata,Barreteada,0.68,16,18,1,119,1,
212,Carrizal Bajo,AMERB,30-10-18,30,10,2018,Lessonia trabeculata,Barreteada,3.42,17,26,2,186,1,
213,Carrizal Bajo,AMERB,30-10-18,30,10,2018,Lessonia trabeculata,Barreteada,7.17,26,35,6,209,1,
214,Carrizal Bajo,AMERB,30-10-18,30,10,2018,Lessonia trabeculata,Barreteada,0.835,7,12,2,165,0,
215,Carrizal Bajo,AMERB,30-10-18,30,10,2018,Lessonia trabeculata,Barreteada,1.29,17,19,1,159,1,
216,Carrizal Bajo,AMERB,30-10-18,30,10,2018,Lessonia trabeculata,Barreteada,0.555,9,12,4,169,0,
217,Carrizal Bajo,AMERB,30-10-18,30,10,2018,Lessonia trabeculata,Barreteada,0.935,12,16,13,125,0,
218,Carrizal Bajo,AMERB,30-10-18,30,10,2018,Lessonia trabeculata,Barreteada,4.45,23,29,3,157,1,
219,Carrizal Bajo,AMERB,30-10-18,30,10,2018,Lessonia trabeculata,Barreteada,6.04,27,33,4,198,1,
220,Carrizal Bajo,AMERB,30-10-18,30,10,2018,Lessonia trabeculata,Barreteada,5.025,24,33,3,241,1,
221,Carrizal Bajo,AMERB,30-10-18,30,10,2018,Lessonia trabeculata,Barreteada,4.21,18,19,1,184,0,
222,Carrizal Bajo,AMERB,30-10-18,30,10,2018,Lessonia trabeculata,Barreteada,3.095,20,25,2,153,1,
223,Carrizal Bajo,AMERB,30-10-18,30,10,2018,Lessonia trabeculata,Barreteada,1.96,20,25,5,157,1,
224,Carrizal Bajo,AMERB,30-10-18,30,10,2018,Lessonia trabeculata,Barreteada,1.3,19,20,1,131,1,
225,Carrizal Bajo,AMERB,30-10-18,30,10,2018,Lessonia trabeculata,Barreteada,0.44,11,14,2,100,0,
226,Carrizal Bajo,AMERB,30-10-18,30,10,2018,Lessonia trabeculata,Barreteada,0.41,14,18,10,119,0,
227,Carrizal Bajo,AMERB,30-10-18,30,10,2018,Lessonia trabeculata,Barreteada,0.26,7,10,5,125,0,
228,Carrizal Bajo,AMERB,30-10-18,30,10,2018,Lessonia trabeculata,Barreteada,0.535,11,12,4,95,0,
229,Carrizal Bajo,AMERB,30-10-18,30,10,2018,Lessonia trabeculata,Barreteada,0.32,5.4,8,5,97.4,0,
230,Carrizal Bajo,AMERB,30-10-18,30,10,2018,Lessonia trabeculata,Barreteada,0.15,6,8,7,80.2,0,
231,Carrizal Bajo,AMERB,30-10-18,30,10,2018,Lessonia trabeculata,Barreteada,0.11,5,7,4,68,0,
232,Carrizal Bajo,AMERB,30-10-18,30,10,2018,Lessonia trabeculata,Barreteada,0.055,3.8,5,3,70.2,0,
233,Carrizal Bajo,AMERB,30-10-18,30,10,2018,Lessonia trabeculata,Barreteada,0.025,2.2,2.6,1,52,0,
234,Carrizal Bajo,AMERB,30-10-18,30,10,2018,Lessonia trabeculata,Barreteada,0.04,3.2,3.8,2,59,0,
235,Carrizal Bajo,AMERB,30-10-18,30,10,2018,Lessonia trabeculata,Barreteada,0.02,1.8,2.4,1,34.4,0,
236,Cha–aral de aceituno sector C,AMERB,26-10-18,26,10,2018,Lessonia berteroana,Barreteada,0.125,17,10,4,70,0,
237,Cha–aral de aceituno sector C,AMERB,26-10-18,26,10,2018,Lessonia berteroana,Barreteada,0.034,3,3,1,55,0,
238,Cha–aral de aceituno sector C,AMERB,26-10-18,26,10,2018,Lessonia berteroana,Barreteada,0.253,11,12,1,130,0,
239,Cha–aral de aceituno sector C,AMERB,26-10-18,26,10,2018,Lessonia berteroana,Barreteada,0.343,5,7,2,207,0,
240,Cha–aral de aceituno sector C,AMERB,26-10-18,26,10,2018,Lessonia berteroana,Barreteada,0.106,4.5,6,3,72,0,
241,Cha–aral de aceituno sector C,AMERB,26-10-18,26,10,2018,Lessonia berteroana,Barreteada,0.116,6,6.2,2,74,0,
242,Cha–aral de aceituno sector C,AMERB,26-10-18,26,10,2018,Lessonia berteroana,Barreteada,0.139,4,7,5,60,1,
243,Cha–aral de aceituno sector C,AMERB,26-10-18,26,10,2018,Lessonia berteroana,Barreteada,0.004,1,1,4,12,0,
244,Cha–aral de aceituno sector C,AMERB,26-10-18,26,10,2018,Lessonia berteroana,Barreteada,0.007,1.3,3,21,15,0,
245,Cha–aral de aceituno sector C,AMERB,26-10-18,26,10,2018,Lessonia berteroana,Barreteada,0.03,3.2,6,13,26,0,
246,Cha–aral de aceituno sector C,AMERB,26-10-18,26,10,2018,Lessonia berteroana,Barreteada,0.18,5,8,27,66,0,
247,Cha–aral de aceituno sector C,AMERB,26-10-18,26,10,2018,Lessonia berteroana,Barreteada,1.2,8,17,18,228,0,
248,Cha–aral de aceituno sector C,AMERB,26-10-18,26,10,2018,Lessonia berteroana,Barreteada,0.78,12,18,2,80,0,
249,Cha–aral de aceituno sector C,AMERB,26-10-18,26,10,2018,Lessonia berteroana,Barreteada,0.16,8,12,7,70,0,
250,Cha–aral de aceituno sector C,AMERB,26-10-18,26,10,2018,Lessonia berteroana,Barreteada,15.7,26,41,35,300,0,
251,Cha–aral de aceituno sector C,AMERB,26-10-18,26,10,2018,Lessonia berteroana,Barreteada,0.86,9,12,23,134,0,
252,Cha–aral de aceituno sector C,AMERB,26-10-18,26,10,2018,Lessonia berteroana,Barreteada,1.46,11,19,1,260,0,
253,Cha–aral de aceituno sector C,AMERB,26-10-18,26,10,2018,Lessonia berteroana,Barreteada,1.4,10,17,25,160,0,
254,Cha–aral de aceituno sector C,AMERB,26-10-18,26,10,2018,Lessonia berteroana,Barreteada,4.3,18,27,5,228,1,
255,Cha–aral de aceituno sector C,AMERB,26-10-18,26,10,2018,Lessonia berteroana,Barreteada,2.52,14,17,2,193,0,
256,Cha–aral de aceituno sector C,AMERB,26-10-18,26,10,2018,Lessonia berteroana,Barreteada,4.98,20,30,24,291,0,
257,Cha–aral de aceituno sector C,AMERB,26-10-18,26,10,2018,Lessonia berteroana,Barreteada,1.56,11,16,4,139,0,
258,Cha–aral de aceituno sector C,AMERB,26-10-18,26,10,2018,Lessonia berteroana,Barreteada,4.54,14,24,19,283,0,
259,Carrizal bajo,AMERB,29-10-18,29,10,2018,Lessonia berteroana,Barreteada,11.22,35,23,18,254,0,
260,Carrizal bajo,AMERB,29-10-18,29,10,2018,Lessonia berteroana,Barreteada,1.86,33,15,9,177,0,
261,Carrizal bajo,AMERB,29-10-18,29,10,2018,Lessonia berteroana,Barreteada,0.36,12,7,12,67,0,
262,Carrizal bajo,AMERB,29-10-18,29,10,2018,Lessonia berteroana,Barreteada,0.32,16,11,7,73,0,
263,Carrizal bajo,AMERB,29-10-18,29,10,2018,Lessonia berteroana,Barreteada,2.26,24,14,9,230,0,
264,Carrizal bajo,AMERB,29-10-18,29,10,2018,Lessonia berteroana,Barreteada,5.24,25,161,31,194,0,
265,Carrizal bajo,AMERB,29-10-18,29,10,2018,Lessonia berteroana,Barreteada,7.68,17,10,21,162,0,
266,Carrizal bajo,AMERB,29-10-18,29,10,2018,Lessonia berteroana,Barreteada,3.98,34,23,45,179,0,
267,Carrizal bajo,AMERB,29-10-18,29,10,2018,Lessonia berteroana,Barreteada,4.48,15,27,14,135,0,
268,Carrizal bajo,AMERB,29-10-18,29,10,2018,Lessonia berteroana,Barreteada,7.8,32,20,13,377,0,
269,Punta el Yeso,AMERB,04-12-18,4,12,2018,Lessonia berteroana,Barreteada,1.36,14,17,36,110,1,
270,Punta el Yeso,AMERB,04-12-18,4,12,2018,Lessonia berteroana,Barreteada,6.76,13,20,79,286,0,
271,Punta el Yeso,AMERB,04-12-18,4,12,2018,Lessonia berteroana,Barreteada,2.42,12.2,18,33,187,1,
272,Punta el Yeso,AMERB,04-12-18,4,12,2018,Lessonia berteroana,Barreteada,2.62,15,25,5,177,1,
273,Punta el Yeso,AMERB,04-12-18,4,12,2018,Lessonia berteroana,Barreteada,0.021,2.4,3.6,4,39,0,
274,Punta el Yeso,AMERB,04-12-18,4,12,2018,Lessonia berteroana,Barreteada,3.08,12.2,25,2,224,1,
275,Punta el Yeso,AMERB,04-12-18,4,12,2018,Lessonia berteroana,Barreteada,6.08,18,26,8,227,1,
276,Punta el Yeso,AMERB,04-12-18,4,12,2018,Lessonia berteroana,Barreteada,0.014,2,3,11,22,0,
277,Punta el Yeso,AMERB,04-12-18,4,12,2018,Lessonia berteroana,Barreteada,0.058,4.4,5.4,16,35,0,
278,Punta el Yeso,AMERB,04-12-18,4,12,2018,Lessonia berteroana,Barreteada,0.4,5.6,10,31,102,0,
279,Punta el Yeso,AMERB,04-12-18,4,12,2018,Lessonia berteroana,Barreteada,0.78,9,16,26,109,0,
280,Punta el Yeso,AMERB,04-12-18,4,12,2018,Lessonia berteroana,Barreteada,0.2,5,6,31,48,0,
281,Punta el Yeso,AMERB,04-12-18,4,12,2018,Lessonia berteroana,Barreteada,0.16,4.4,5,15,59,0,
282,Punta el Yeso,AMERB,04-12-18,4,12,2018,Lessonia berteroana,Barreteada,0.016,2.6,3.4,32,16.2,0,
283,Punta el Yeso,AMERB,04-12-18,4,12,2018,Lessonia berteroana,Barreteada,2.44,14,19,25,188,1,
284,Punta el Yeso,AMERB,04-12-18,4,12,2018,Lessonia berteroana,Barreteada,1,6.6,15.2,22,113,0,
285,Punta el Yeso,AMERB,04-12-18,4,12,2018,Lessonia berteroana,Barreteada,5.34,14,40,63,175,0,
286,Punta el Yeso,AMERB,04-12-18,4,12,2018,Lessonia berteroana,Barreteada,0.44,7.4,15.4,19,136,0,
287,Punta el Yeso,AMERB,04-12-18,4,12,2018,Lessonia berteroana,Barreteada,1.44,9.2,22,30,200,0,
288,Punta el Yeso,AMERB,04-12-18,4,12,2018,Lessonia berteroana,Barreteada,1.1,11,19,7,154,1,
289,Punta el Yeso,AMERB,04-12-18,4,12,2018,Lessonia berteroana,Barreteada,4.546,15.4,29,48,195,1,
290,Punta el Yeso,AMERB,04-12-18,4,12,2018,Lessonia berteroana,Barreteada,2.16,12.4,30,11,130,1,
291,Punta el Yeso,AMERB,04-12-18,4,12,2018,Lessonia berteroana,Barreteada,0.509,6,10,52,98,0,
292,Punta el Yeso,AMERB,04-12-18,4,12,2018,Lessonia berteroana,Barreteada,0.004,2,2,15,9,0,
293,Punta el Yeso,AMERB,04-12-18,4,12,2018,Lessonia berteroana,Barreteada,0.001,0.6,0.8,9,7.3,0,
294,Punta el Yeso,AMERB,04-12-18,4,12,2018,Lessonia berteroana,Barreteada,0.009,2,3,13,22,0,
295,Punta el Yeso,AMERB,04-12-18,4,12,2018,Lessonia berteroana,Barreteada,0.071,5,9,14,53,0,
296,Punta el Yeso,AMERB,04-12-18,4,12,2018,Lessonia berteroana,Barreteada,0.069,6,10,12,60,0,
297,Punta el Yeso,AMERB,04-12-18,4,12,2018,Lessonia berteroana,Barreteada,3.83,21,29,13,197,1,
298,Punta el Yeso,AMERB,06-12-18,6,12,2018,Lessonia trabeculata,Barreteada,0.26,5.6,8,1,111,1,
299,Punta el Yeso,AMERB,06-12-18,6,12,2018,Lessonia trabeculata,Barreteada,0.22,12,17,1,100,1,
300,Punta el Yeso,AMERB,06-12-18,6,12,2018,Lessonia trabeculata,Barreteada,0.2,8,12,2,141,0,
301,Punta el Yeso,AMERB,06-12-18,6,12,2018,Lessonia trabeculata,Barreteada,0.54,8.4,10.4,3,89,1,
302,Punta el Yeso,AMERB,06-12-18,6,12,2018,Lessonia trabeculata,Barreteada,0.94,12,14.6,1,136,0,
303,Punta el Yeso,AMERB,06-12-18,6,12,2018,Lessonia trabeculata,Barreteada,0.22,9,12,2,114,0,
304,Punta el Yeso,AMERB,06-12-18,6,12,2018,Lessonia trabeculata,Barreteada,0.2,6,6.8,2,119,0,
305,Punta el Yeso,AMERB,06-12-18,6,12,2018,Lessonia trabeculata,Barreteada,1.3,14,16,2,89,1,
306,Punta el Yeso,AMERB,06-12-18,6,12,2018,Lessonia trabeculata,Barreteada,0.3,5,10,1,94,0,
307,Punta el Yeso,AMERB,06-12-18,6,12,2018,Lessonia trabeculata,Barreteada,0.88,12,18,4,141,1,
308,Punta el Yeso,AMERB,06-12-18,6,12,2018,Lessonia trabeculata,Barreteada,2.76,30.4,43,3,164,1,
309,Punta el Yeso,AMERB,06-12-18,6,12,2018,Lessonia trabeculata,Barreteada,7.36,26,44,6,221,1,
310,Punta el Yeso,AMERB,06-12-18,6,12,2018,Lessonia trabeculata,Barreteada,3.33,23,29,3,182,1,
311,Punta el Yeso,AMERB,06-12-18,6,12,2018,Lessonia trabeculata,Barreteada,0.033,5,5,4,47,0,
312,Punta el Yeso,AMERB,06-12-18,6,12,2018,Lessonia trabeculata,Barreteada,0.007,2,2,2,24,0,
313,Punta el Yeso,AMERB,06-12-18,6,12,2018,Lessonia trabeculata,Barreteada,0.008,1.6,2,2,16,0,
314,Punta el Yeso,AMERB,05-12-18,5,12,2018,Lessonia trabeculata,Barreteada,0.84,13.6,17,1,100,0,
315,Punta el Yeso,AMERB,05-12-18,5,12,2018,Lessonia trabeculata,Barreteada,1.26,20,21,1,103,1,
316,Punta el Yeso,AMERB,05-12-18,5,12,2018,Lessonia trabeculata,Barreteada,1,13,18,1,128,1,
317,Punta el Yeso,AMERB,05-12-18,5,12,2018,Lessonia trabeculata,Barreteada,2.06,13,16,3,138,1,
318,Punta el Yeso,AMERB,05-12-18,5,12,2018,Lessonia trabeculata,Barreteada,2.28,17,21,2,119,1,
319,Punta el Yeso,AMERB,05-12-18,5,12,2018,Lessonia trabeculata,Barreteada,6.5,36,37,5,182,1,
320,Punta el Yeso,AMERB,05-12-18,5,12,2018,Lessonia trabeculata,Barreteada,3.46,22,28,6,166,0,