"","Site","Zone","Management","ID","Diam_Holdfast","TW_sum","LT","Structure","Weight_Str","porc_TW","FW","DW","High_Holdfast","Stipes","First_bif","Diam_stipes","LT_stipes","Dichot_stipes","ID_IRMS","peso_mg","mg_N2","ug_N2","X15N","mg_C","ug_C","X13C","porc_N","porc_C","C_N"
"1","Los Molles","Center","OA",1,2.2,96,38,"Holdfast",1,1.04166666666667,0.9286,0.2139,"1","NA","NA","NA","NA","NA",NA,NA,NA,NA,NA,NA,NA,NA,NA,NA,NA
"2","Los Molles","Center","OA",1,2.2,96,38,"Stipes",8,8.33333333333333,0.2235,0.0513,"NA","4","1.166666667","8","4.533333333","4.533333333",NA,NA,NA,NA,NA,NA,NA,NA,NA,NA,NA
"3","Los Molles","Center","OA",1,2.2,96,38,"Blades",87,90.625,0.2368,0.0373,"NA","NA","NA","NA","NA","NA",NA,NA,NA,NA,NA,NA,NA,NA,NA,NA,NA
"4","Los Molles","Center","OA",2,5.9,130,50,"Holdfast",9,6.92307692307692,1.8546,0.3362,"2","NA","NA","NA","NA","NA",NA,NA,NA,NA,NA,NA,NA,NA,NA,NA,NA
"5","Los Molles","Center","OA",2,5.9,130,50,"Stipes",0,0,NA,NA,"NA","7","1.5",NA,NA,NA,NA,NA,NA,NA,NA,NA,NA,NA,NA,NA,NA
"6","Los Molles","Center","OA",2,5.9,130,50,"Blades",121,93.0769230769231,0.1749,0.0302,"NA","NA","NA","NA","NA","NA",NA,NA,NA,NA,NA,NA,NA,NA,NA,NA,NA
"7","Los Molles","Center","OA",3,13,2059,126,"Holdfast",184,8.93637688198154,0.8226,0.2303,"11","NA","NA","NA","NA","NA",NA,NA,NA,NA,NA,NA,NA,NA,NA,NA,NA
"8","Los Molles","Center","OA",3,13,2059,126,"Stipes",580,28.169014084507,0.4472,0.126,"NA","1","1.5","37.2","57.8","57.8",NA,NA,NA,NA,NA,NA,NA,NA,NA,NA,NA
"9","Los Molles","Center","OA",3,13,2059,126,"Blades",1295,62.8946090335114,0.3291,0.052,"NA","NA","NA","NA","NA","NA",NA,NA,NA,NA,NA,NA,NA,NA,NA,NA,NA
"10","Los Molles","Center","OA",4,4.9,223,52,"Holdfast",11,4.93273542600897,1.7212,0.3572,"3.5","NA","NA","NA","NA","NA",NA,NA,NA,NA,NA,NA,NA,NA,NA,NA,NA
"11","Los Molles","Center","OA",4,4.9,223,52,"Stipes",0,0,0.331,0.1019,"NA","8","0.7",NA,NA,NA,NA,NA,NA,NA,NA,NA,NA,NA,NA,NA,NA
"12","Los Molles","Center","OA",4,4.9,223,52,"Blades",212,95.067264573991,0.2596,0.446,"NA","NA","NA","NA","NA","NA",NA,NA,NA,NA,NA,NA,NA,NA,NA,NA,NA
"13","Los Molles","Center","OA",5,7.6,333,72,"Holdfast",26,7.80780780780781,1.6597,0.4923,"3.4","NA","NA","NA","NA","NA",NA,NA,NA,NA,NA,NA,NA,NA,NA,NA,NA
"14","Los Molles","Center","OA",5,7.6,333,72,"Stipes",56,16.8168168168168,0.8451,0.2087,"NA","3","1.666666667","1.633333333",NA,NA,NA,NA,NA,NA,NA,NA,NA,NA,NA,NA,NA
"15","Los Molles","Center","OA",5,7.6,333,72,"Blades",251,75.3753753753754,0.432,0.0891,"NA","NA","NA","NA","NA","NA",NA,NA,NA,NA,NA,NA,NA,NA,NA,NA,NA
"16","Los Molles","Center","OA",6,9.1,443,158,"Holdfast",144,32.5056433408578,0.4112,0.1218,"12","NA","NA","NA","NA","NA",NA,NA,NA,NA,NA,NA,NA,NA,NA,NA,NA
"17","Los Molles","Center","OA",6,9.1,443,158,"Stipes",200,45.1467268623025,0.728,0.2234,"NA","1","55.6","24.8","100","100",NA,NA,NA,NA,NA,NA,NA,NA,NA,NA,NA
"18","Los Molles","Center","OA",6,9.1,443,158,"Blades",99,22.3476297968397,0.8466,0.1813,"NA","NA","NA","NA","NA","NA",NA,NA,NA,NA,NA,NA,NA,NA,NA,NA,NA
"19","Los Molles","Center","OA",7,18.5,1957,134,"Holdfast",307,15.687276443536,0.6163,0.2075,"12","NA","NA","NA","NA","NA",NA,NA,NA,NA,NA,NA,NA,NA,NA,NA,NA
"20","Los Molles","Center","OA",7,18.5,1957,134,"Stipes",675,34.4915687276444,1.6688,0.5129,"NA","1","35","38.5","1.46","1.46",NA,NA,NA,NA,NA,NA,NA,NA,NA,NA,NA
"21","Los Molles","Center","OA",7,18.5,1957,134,"Blades",975,49.8211548288196,0.5784,0.107,"NA","NA","NA","NA","NA","NA",NA,NA,NA,NA,NA,NA,NA,NA,NA,NA,NA
"22","Los Molles","Center","OA",8,16,1935,144,"Holdfast",335,17.312661498708,1.1747,0.3125,"16","NA","NA","NA","NA","NA",NA,NA,NA,NA,NA,NA,NA,NA,NA,NA,NA
"23","Los Molles","Center","OA",8,16,1935,144,"Stipes",960,49.6124031007752,1.8896,0.5197,"NA","1","12","32.6","84","84",NA,NA,NA,NA,NA,NA,NA,NA,NA,NA,NA
"24","Los Molles","Center","OA",8,16,1935,144,"Blades",640,33.0749354005168,1.2646,0.2226,"NA","NA","NA","NA","NA","NA",NA,NA,NA,NA,NA,NA,NA,NA,NA,NA,NA
"25","Los Molles","Center","OA",9,9.1,222,73,"Holdfast",71,31.981981981982,0.9068,0.2958,"7.6","NA","NA","NA","NA","NA",NA,NA,NA,NA,NA,NA,NA,NA,NA,NA,NA
"26","Los Molles","Center","OA",9,9.1,222,73,"Stipes",92,41.4414414414414,1.0692,0.3641,"NA","1","25","3.1","38","38",NA,NA,NA,NA,NA,NA,NA,NA,NA,NA,NA
"27","Los Molles","Center","OA",9,9.1,222,73,"Blades",59,26.5765765765766,0.7341,0.1806,"NA","NA","NA","NA","NA","NA",NA,NA,NA,NA,NA,NA,NA,NA,NA,NA,NA
"28","Los Molles","Center","OA",10,17,521,135,"Holdfast",250,47.9846449136276,0.9641,0.246,"20","NA","NA","NA","NA","NA",NA,NA,NA,NA,NA,NA,NA,NA,NA,NA,NA
"29","Los Molles","Center","OA",10,17,521,135,"Stipes",150,28.7907869481766,1.5663,0.4831,"NA","1","10","36.6","82","82",NA,NA,NA,NA,NA,NA,NA,NA,NA,NA,NA
"30","Los Molles","Center","OA",10,17,521,135,"Blades",121,23.2245681381958,0.9322,0.1994,"NA","NA","NA","NA","NA","NA",NA,NA,NA,NA,NA,NA,NA,NA,NA,NA,NA
"31","Los Molles","Center","OA",11,15,589,124,"Holdfast",140,23.7691001697793,1.047,0.289,"11","NA","NA","NA","NA","NA",NA,NA,NA,NA,NA,NA,NA,NA,NA,NA,NA
"32","Los Molles","Center","OA",11,15,589,124,"Stipes",182,30.8998302207131,0.7532,0.2132,"NA","2","9.9","21.5","44.5","44.5",NA,NA,NA,NA,NA,NA,NA,NA,NA,NA,NA
"33","Los Molles","Center","OA",11,15,589,124,"Blades",267,45.3310696095076,1.5287,0.3147,"NA","NA","NA","NA","NA","NA",NA,NA,NA,NA,NA,NA,NA,NA,NA,NA,NA
"34","Los Molles","Center","OA",12,24.8,2017,NA,"Holdfast",632,31.3336638572137,0.5777,0.171,"24","NA","NA","NA","NA","NA",NA,NA,NA,NA,NA,NA,NA,NA,NA,NA,NA
"35","Los Molles","Center","OA",12,24.8,2017,NA,"Stipes",455,22.5582548339118,0.5859,0.1778,"NA","1","20.8","30.5","98","98",NA,NA,NA,NA,NA,NA,NA,NA,NA,NA,NA
"36","Los Molles","Center","OA",12,24.8,2017,NA,"Blades",930,46.1080813088746,0.9671,0.1865,"NA","NA","NA","NA","NA","NA",NA,NA,NA,NA,NA,NA,NA,NA,NA,NA,NA
"37","Los Molles","Center","OA",13,6.4,330,71,"Holdfast",25,7.57575757575758,4.1388,1.2501,"4.8","NA","NA","NA","NA","NA",NA,NA,NA,NA,NA,NA,NA,NA,NA,NA,NA
"38","Los Molles","Center","OA",13,6.4,330,71,"Stipes",38,11.5151515151515,1.6728,0.4678,"NA","4","3.766666667","1.466666667","8.4","8.4",NA,NA,NA,NA,NA,NA,NA,NA,NA,NA,NA
"39","Los Molles","Center","OA",13,6.4,330,71,"Blades",267,80.9090909090909,1.2265,0.224,"NA","NA","NA","NA","NA","NA",NA,NA,NA,NA,NA,NA,NA,NA,NA,NA,NA
"40","Los Molles","Center","OA",14,24.8,6138,153.4,"Holdfast",998,16.2593678722711,5.4087,2.55,"21","NA","NA","NA","NA","NA",NA,NA,NA,NA,NA,NA,NA,NA,NA,NA,NA
"41","Los Molles","Center","OA",14,24.8,6138,153.4,"Stipes",1645,26.8002606712284,0.7315,0.2931,"NA","4","14.26666667","32.93333333","77.93333333","77.93333333",NA,NA,NA,NA,NA,NA,NA,NA,NA,NA,NA
"42","Los Molles","Center","OA",14,24.8,6138,153.4,"Blades",3495,56.9403714565005,0.8949,0.1804,"NA","NA","NA","NA","NA","NA",NA,NA,NA,NA,NA,NA,NA,NA,NA,NA,NA
"43","Los Molles","Center","OA",15,30,5566.3,178,"Holdfast",111.3,1.99953290336489,0.3305,0.1114,"7.5","NA","NA","NA","NA","NA",NA,NA,NA,NA,NA,NA,NA,NA,NA,NA,NA
"44","Los Molles","Center","OA",15,30,5566.3,178,"Stipes",1925,34.5831162531664,0.5906,0.1738,"NA","4","31","33.73333333","98","98",NA,NA,NA,NA,NA,NA,NA,NA,NA,NA,NA
"45","Los Molles","Center","OA",15,30,5566.3,178,"Blades",3530,63.4173508434687,1.0149,0.195,"NA","NA","NA","NA","NA","NA",NA,NA,NA,NA,NA,NA,NA,NA,NA,NA,NA
"46","Los Molles","Center","OA",16,18,2603,97,"Holdfast",793,30.4648482520169,0.1793,1.958,"11","NA","NA","NA","NA","NA",NA,NA,NA,NA,NA,NA,NA,NA,NA,NA,NA
"47","Los Molles","Center","OA",16,18,2603,97,"Stipes",1150,44.1797925470611,4.856,2.8139,"NA","3","8.1","41.5","187.3333333","187.3333333",NA,NA,NA,NA,NA,NA,NA,NA,NA,NA,NA
"48","Los Molles","Center","OA",16,18,2603,97,"Blades",660,25.355359200922,0.75,0.2012,"NA","NA","NA","NA","NA","NA",NA,NA,NA,NA,NA,NA,NA,NA,NA,NA,NA
"49","La Ballena","Center","AMERB",1,9,98,66,"Holdfast",25,25.5102040816327,3.016,0.8549,"42","NA","NA","NA","NA","NA",NA,NA,NA,NA,NA,NA,NA,NA,NA,NA,NA
"50","La Ballena","Center","AMERB",1,9,98,66,"Stipes",20,20.4081632653061,2.4295,0.6102,"NA","2","1.2","1","8.5","8.5",NA,NA,NA,NA,NA,NA,NA,NA,NA,NA,NA
"51","La Ballena","Center","AMERB",1,9,98,66,"Blades",53,54.0816326530612,1.032,0.2226,"NA","NA","NA","NA","NA","NA",NA,NA,NA,NA,NA,NA,NA,NA,NA,NA,NA
"52","La Ballena","Center","AMERB",2,9.2,332,120,"Holdfast",48,14.4578313253012,3.5021,0.8928,"4.1","NA","NA","NA","NA","NA",NA,NA,NA,NA,NA,NA,NA,NA,NA,NA,NA
"53","La Ballena","Center","AMERB",2,9.2,332,120,"Stipes",142,42.7710843373494,1.6181,0.3803,"NA","4","3.266666667","2.233333333","25.66666667","25.66666667",NA,NA,NA,NA,NA,NA,NA,NA,NA,NA,NA
"54","La Ballena","Center","AMERB",2,9.2,332,120,"Blades",142,42.7710843373494,0.8494,0.1909,"NA","NA","NA","NA","NA","NA",NA,NA,NA,NA,NA,NA,NA,NA,NA,NA,NA
"55","La Ballena","Center","AMERB",3,8,319,62,"Holdfast",24,7.52351097178683,2.2787,0.5481,"4.4","NA","NA","NA","NA","NA",NA,NA,NA,NA,NA,NA,NA,NA,NA,NA,NA
"56","La Ballena","Center","AMERB",3,8,319,62,"Stipes",1,0.313479623824451,0.7609,0.1963,"NA","4","0.833333333","1.1","0.933333333","0.933333333",NA,NA,NA,NA,NA,NA,NA,NA,NA,NA,NA
"57","La Ballena","Center","AMERB",3,8,319,62,"Blades",294,92.1630094043887,0.6642,0.1307,"NA","NA","NA","NA","NA","NA",NA,NA,NA,NA,NA,NA,NA,NA,NA,NA,NA
"58","La Ballena","Center","AMERB",4,10.9,255,81,"Holdfast",73,28.6274509803922,4.7456,2.2662,"6.5","NA","NA","NA","NA","NA",NA,NA,NA,NA,NA,NA,NA,NA,NA,NA,NA
"59","La Ballena","Center","AMERB",4,10.9,255,81,"Stipes",32,12.5490196078431,4.606,1.6491,"NA","2","2","1.8","7.05","7.05",NA,NA,NA,NA,NA,NA,NA,NA,NA,NA,NA
"60","La Ballena","Center","AMERB",4,10.9,255,81,"Blades",150,58.8235294117647,0.8381,0.1759,"NA","NA","NA","NA","NA","NA",NA,NA,NA,NA,NA,NA,NA,NA,NA,NA,NA
"61","La Ballena","Center","AMERB",5,5.8,238,107,"Holdfast",52,21.8487394957983,2.2944,0.6728,"101","NA","NA","NA","NA","NA",NA,NA,NA,NA,NA,NA,NA,NA,NA,NA,NA
"62","La Ballena","Center","AMERB",5,5.8,238,107,"Stipes",87,36.5546218487395,3.135,0.7807,"NA","3","2.566666667","1.533333333","20","20",NA,NA,NA,NA,NA,NA,NA,NA,NA,NA,NA
"63","La Ballena","Center","AMERB",5,5.8,238,107,"Blades",99,41.5966386554622,0.4038,0.0909,"NA","NA","NA","NA","NA","NA",NA,NA,NA,NA,NA,NA,NA,NA,NA,NA,NA
"64","La Ballena","Center","AMERB",6,12.6,156,125,"Holdfast",46,29.4871794871795,5.32,1.4716,"6.4","NA","NA","NA","NA","NA",NA,NA,NA,NA,NA,NA,NA,NA,NA,NA,NA
"65","La Ballena","Center","AMERB",6,12.6,156,125,"Stipes",60,38.4615384615385,3.948,1.356,"NA","5","3.1","1.366666667","18.7","18.7",NA,NA,NA,NA,NA,NA,NA,NA,NA,NA,NA
"66","La Ballena","Center","AMERB",6,12.6,156,125,"Blades",50,32.0512820512821,0.5867,0.1321,"NA","NA","NA","NA","NA","NA",NA,NA,NA,NA,NA,NA,NA,NA,NA,NA,NA
"67","La Ballena","Center","AMERB",7,13,527,77,"Holdfast",151,28.6527514231499,5.662,1.4177,"8","NA","NA","NA","NA","NA",NA,NA,NA,NA,NA,NA,NA,NA,NA,NA,NA
"68","La Ballena","Center","AMERB",7,13,527,77,"Stipes",180,34.1555977229602,3.2348,0.8055,"NA","9","7.666666667","32.53333333","23.25","23.25",NA,NA,NA,NA,NA,NA,NA,NA,NA,NA,NA
"69","La Ballena","Center","AMERB",7,13,527,77,"Blades",196,37.1916508538899,0.7228,0.165,"NA","NA","NA","NA","NA","NA",NA,NA,NA,NA,NA,NA,NA,NA,NA,NA,NA
"70","La Ballena","Center","AMERB",8,15,688,136,"Holdfast",157,22.8197674418605,4.2311,2.1043,"11","NA","NA","NA","NA","NA",NA,NA,NA,NA,NA,NA,NA,NA,NA,NA,NA
"71","La Ballena","Center","AMERB",8,15,688,136,"Stipes",381,55.3779069767442,4.691,1.3471,"NA","1","35","296","83","83",NA,NA,NA,NA,NA,NA,NA,NA,NA,NA,NA
"72","La Ballena","Center","AMERB",8,15,688,136,"Blades",150,21.8023255813953,0.6082,0.1607,"NA","NA","NA","NA","NA","NA",NA,NA,NA,NA,NA,NA,NA,NA,NA,NA,NA
"73","La Ballena","Center","AMERB",9,18,1549,155,"Holdfast",532,34.3447385409942,5.2294,2.9413,"14","NA","NA","NA","NA","NA",NA,NA,NA,NA,NA,NA,NA,NA,NA,NA,NA
"74","La Ballena","Center","AMERB",9,18,1549,155,"Stipes",673,43.4473854099419,6.5155,3.2364,"NA","2","36.5","32","69","69",NA,NA,NA,NA,NA,NA,NA,NA,NA,NA,NA
"75","La Ballena","Center","AMERB",9,18,1549,155,"Blades",344,22.2078760490639,0.5353,0.1662,"NA","NA","NA","NA","NA","NA",NA,NA,NA,NA,NA,NA,NA,NA,NA,NA,NA
"76","La Ballena","Center","AMERB",10,15,1032,150,"Holdfast",345,33.4302325581395,2.6562,0.8323,"17","NA","NA","NA","NA","NA",NA,NA,NA,NA,NA,NA,NA,NA,NA,NA,NA
"77","La Ballena","Center","AMERB",10,15,1032,150,"Stipes",457,44.2829457364341,6.547,3.332,"NA","1","9","39.7","82","82",NA,NA,NA,NA,NA,NA,NA,NA,NA,NA,NA
"78","La Ballena","Center","AMERB",10,15,1032,150,"Blades",230,22.2868217054264,0.4915,0.1207,"NA","NA","NA","NA","NA","NA",NA,NA,NA,NA,NA,NA,NA,NA,NA,NA,NA
"79","La Ballena","Center","AMERB",11,21,2861,169,"Holdfast",581,20.3075847605732,6.1243,2.508,"14","NA","NA","NA","NA","NA",NA,NA,NA,NA,NA,NA,NA,NA,NA,NA,NA
"80","La Ballena","Center","AMERB",11,21,2861,169,"Stipes",1160,40.5452638937434,2.1812,0.6897,"NA","2","7.5","45.4","75","75",NA,NA,NA,NA,NA,NA,NA,NA,NA,NA,NA
"81","La Ballena","Center","AMERB",11,21,2861,169,"Blades",1120,39.1471513456833,0.6421,0.138,"NA","NA","NA","NA","NA","NA",NA,NA,NA,NA,NA,NA,NA,NA,NA,NA,NA
"82","La Ballena","Center","AMERB",12,18.8,1870,173,"Holdfast",227,12.1390374331551,4.565,1.2977,"17.8","NA","NA","NA","NA","NA",NA,NA,NA,NA,NA,NA,NA,NA,NA,NA,NA
"83","La Ballena","Center","AMERB",12,18.8,1870,173,"Stipes",342,18.2887700534759,1.5363,0.487,"NA","1","13","2.6","105","105",NA,NA,NA,NA,NA,NA,NA,NA,NA,NA,NA
"84","La Ballena","Center","AMERB",12,18.8,1870,173,"Blades",1301,69.572192513369,0.4453,0.1318,"NA","NA","NA","NA","NA","NA",NA,NA,NA,NA,NA,NA,NA,NA,NA,NA,NA
"85","Isla Grande de Atacama","North","AMERB",1,17,1555,160,"Holdfast",301,19.3569131832797,3.3167,0.9186,"12","NA","NA","NA","NA","NA",NA,NA,NA,NA,NA,NA,NA,NA,NA,NA,NA
"86","Isla Grande de Atacama","North","AMERB",1,17,1555,160,"Stipes",734,47.2025723472669,6.9002,1.8182,"NA","2","30.5","29.4","80","80",NA,NA,NA,NA,NA,NA,NA,NA,NA,NA,NA
"87","Isla Grande de Atacama","North","AMERB",1,17,1555,160,"Blades",520,33.4405144694534,0.4572,0.1057,"NA","NA","NA","NA","NA","NA",NA,NA,NA,NA,NA,NA,NA,NA,NA,NA,NA
"88","Isla Grande de Atacama","North","AMERB",2,23,1506,105,"Holdfast",310,20.5843293492696,7.4151,1.9865,"10","NA","NA","NA","NA","NA",NA,NA,NA,NA,NA,NA,NA,NA,NA,NA,NA
"89","Isla Grande de Atacama","North","AMERB",2,23,1506,105,"Stipes",586,38.9110225763612,4.1974,1.1765,"NA","3","28.36666667","19.36666667","82","82",NA,NA,NA,NA,NA,NA,NA,NA,NA,NA,NA
"90","Isla Grande de Atacama","North","AMERB",2,23,1506,105,"Blades",610,40.5046480743692,0.8726,0.1792,"NA","NA","NA","NA","NA","NA",NA,NA,NA,NA,NA,NA,NA,NA,NA,NA,NA
"91","Isla Grande de Atacama","North","AMERB",3,14,722,186,"Holdfast",125,17.3130193905817,9.6945,2.921,"8","NA","NA","NA","NA","NA",NA,NA,NA,NA,NA,NA,NA,NA,NA,NA,NA
"92","Isla Grande de Atacama","North","AMERB",3,14,722,186,"Stipes",410,56.786703601108,5.5344,1.4206,"NA","1","61","30.8","100","100",NA,NA,NA,NA,NA,NA,NA,NA,NA,NA,NA
"93","Isla Grande de Atacama","North","AMERB",3,14,722,186,"Blades",187,25.9002770083102,0.7192,0.1667,"NA","NA","NA","NA","NA","NA",NA,NA,NA,NA,NA,NA,NA,NA,NA,NA,NA
"94","Isla Grande de Atacama","North","AMERB",4,21,1251,150,"Holdfast",271,21.6626698641087,13.5333,4.0411,"9","NA","NA","NA","NA","NA",NA,NA,NA,NA,NA,NA,NA,NA,NA,NA,NA
"95","Isla Grande de Atacama","North","AMERB",4,21,1251,150,"Stipes",455,36.3709032773781,5.3365,1.6433,"NA","1","27","35.3","82","82",NA,NA,NA,NA,NA,NA,NA,NA,NA,NA,NA
"96","Isla Grande de Atacama","North","AMERB",4,21,1251,150,"Blades",525,41.9664268585132,0.5404,0.1142,"NA","NA","NA","NA","NA","NA",NA,NA,NA,NA,NA,NA,NA,NA,NA,NA,NA
"97","Isla Grande de Atacama","North","AMERB",5,14,1306,143,"Holdfast",229,17.5344563552833,7.6745,2.3071,"9","NA","NA","NA","NA","NA",NA,NA,NA,NA,NA,NA,NA,NA,NA,NA,NA
"98","Isla Grande de Atacama","North","AMERB",5,14,1306,143,"Stipes",712,54.5176110260337,7.1606,2.2143,"NA","3","48.33333333","25.16666667","77.33333333","77.33333333",NA,NA,NA,NA,NA,NA,NA,NA,NA,NA,NA
"99","Isla Grande de Atacama","North","AMERB",5,14,1306,143,"Blades",365,27.947932618683,1.1335,0.3012,"NA","NA","NA","NA","NA","NA",NA,NA,NA,NA,NA,NA,NA,NA,NA,NA,NA
"100","Isla Grande de Atacama","North","AMERB",6,41,6460,204,"Holdfast",1720,26.625386996904,3.0062,1.2058,"20","NA","NA","NA","NA","NA",NA,NA,NA,NA,NA,NA,NA,NA,NA,NA,NA
"101","Isla Grande de Atacama","North","AMERB",6,41,6460,204,"Stipes",3660,56.656346749226,4.8026,1.1657,"NA","7","36.46666667","42.83333333","97.33333333","97.33333333",NA,NA,NA,NA,NA,NA,NA,NA,NA,NA,NA
"102","Isla Grande de Atacama","North","AMERB",6,41,6460,204,"Blades",1080,16.71826625387,0.153,0.2288,"NA","NA","NA","NA","NA","NA",NA,NA,NA,NA,NA,NA,NA,NA,NA,NA,NA
"103","Isla Grande de Atacama","North","AMERB",7,13,1397,105,"Holdfast",102,7.30136005726557,4.3219,0.5129,"7","NA","NA","NA","NA","NA",NA,NA,NA,NA,NA,NA,NA,NA,NA,NA,NA
"104","Isla Grande de Atacama","North","AMERB",7,13,1397,105,"Stipes",1050,75.1610594130279,1.6424,0.3403,"NA","17","3.666666667","16.7","11","11",NA,NA,NA,NA,NA,NA,NA,NA,NA,NA,NA
"105","Isla Grande de Atacama","North","AMERB",7,13,1397,105,"Blades",245,17.5375805297065,0.9608,0.1874,"NA","NA","NA","NA","NA","NA",NA,NA,NA,NA,NA,NA,NA,NA,NA,NA,NA
"106","Isla Grande de Atacama","North","AMERB",8,11,420,73,"Holdfast",40,9.52380952380952,2.3566,0.6498,"4","NA","NA","NA","NA","NA",NA,NA,NA,NA,NA,NA,NA,NA,NA,NA,NA
"107","Isla Grande de Atacama","North","AMERB",8,11,420,73,"Stipes",31,7.38095238095238,1.8925,0.41,"NA","9","1.666666667","14.4","8.666666667","8.666666667",NA,NA,NA,NA,NA,NA,NA,NA,NA,NA,NA
"108","Isla Grande de Atacama","North","AMERB",8,11,420,73,"Blades",349,83.0952380952381,0.7196,0.1632,"NA","NA","NA","NA","NA","NA",NA,NA,NA,NA,NA,NA,NA,NA,NA,NA,NA
"109","Isla Grande de Atacama","North","AMERB",9,12,393,116,"Holdfast",42,10.6870229007634,2.3566,0.641,"4","NA","NA","NA","NA","NA",NA,NA,NA,NA,NA,NA,NA,NA,NA,NA,NA
"110","Isla Grande de Atacama","North","AMERB",9,12,393,116,"Stipes",55,13.9949109414758,6.2043,1.5829,"NA","3","13.66666667","10.76666667","20.66666667","20.66666667",NA,NA,NA,NA,NA,NA,NA,NA,NA,NA,NA
"111","Isla Grande de Atacama","North","AMERB",9,12,393,116,"Blades",296,75.3180661577608,0.6218,0.1246,"NA","NA","NA","NA","NA","NA",NA,NA,NA,NA,NA,NA,NA,NA,NA,NA,NA
"112","Isla Grande de Atacama","North","AMERB",10,18,2516,145,"Holdfast",561,22.2972972972973,5.4627,1.3846,"16","NA","NA","NA","NA","NA",NA,NA,NA,NA,NA,NA,NA,NA,NA,NA,NA
"113","Isla Grande de Atacama","North","AMERB",10,18,2516,145,"Stipes",980,38.9507154213037,2.3716,0.6248,"NA","3","18.66666667","26.6","70.66666667","70.66666667",NA,NA,NA,NA,NA,NA,NA,NA,NA,NA,NA
"114","Isla Grande de Atacama","North","AMERB",10,18,2516,145,"Blades",975,38.751987281399,0.637,0.1295,"NA","NA","NA","NA","NA","NA",NA,NA,NA,NA,NA,NA,NA,NA,NA,NA,NA
"115","Isla Grande de Atacama","North","AMERB",11,21,1606,141,"Holdfast",464,28.8916562889166,1.8676,0.3992,"17","NA","NA","NA","NA","NA",NA,NA,NA,NA,NA,NA,NA,NA,NA,NA,NA
"116","Isla Grande de Atacama","North","AMERB",11,21,1606,141,"Stipes",557,34.6824408468244,2.336,0.8508,"NA","1","7","46.4","67","67",NA,NA,NA,NA,NA,NA,NA,NA,NA,NA,NA
"117","Isla Grande de Atacama","North","AMERB",11,21,1606,141,"Blades",585,36.425902864259,0.6108,0.1356,"NA","NA","NA","NA","NA","NA",NA,NA,NA,NA,NA,NA,NA,NA,NA,NA,NA
"118","Isla Grande de Atacama","North","AMERB",12,4,16,27,"Holdfast",1,6.25,0.3566,0.0826,"1","NA","NA","NA","NA","NA",NA,NA,NA,NA,NA,NA,NA,NA,NA,NA,NA
"119","Isla Grande de Atacama","North","AMERB",12,4,16,27,"Stipes",1,6.25,0.4311,0.0885,"NA","1","0.5","6.7","2.5","2.5",NA,NA,NA,NA,NA,NA,NA,NA,NA,NA,NA
"120","Isla Grande de Atacama","North","AMERB",12,4,16,27,"Blades",14,87.5,0.7891,0.1786,"NA","NA","NA","NA","NA","NA",NA,NA,NA,NA,NA,NA,NA,NA,NA,NA,NA
"121","Isla Grande de Atacama","North","AMERB",13,21,3000,200,"Holdfast",651,21.7,1.1712,0.223,"15","NA","NA","NA","NA","NA",NA,NA,NA,NA,NA,NA,NA,NA,NA,NA,NA
"122","Isla Grande de Atacama","North","AMERB",13,21,3000,200,"Stipes",1154,38.4666666666667,2.0413,0.4693,"NA","2","46.5","26.95","125","125",NA,NA,NA,NA,NA,NA,NA,NA,NA,NA,NA
"123","Isla Grande de Atacama","North","AMERB",13,21,3000,200,"Blades",1195,39.8333333333333,0.5204,0.1348,"NA","NA","NA","NA","NA","NA",NA,NA,NA,NA,NA,NA,NA,NA,NA,NA,NA
"124","Puerto Viejo","North","OA",1,15,1741,240,"Holdfast",204,11.7174037909248,1.5124,0.3423,"8","NA","NA","NA","NA","NA",NA,NA,NA,NA,NA,NA,NA,NA,NA,NA,NA
"125","Puerto Viejo","North","OA",1,15,1741,240,"Stipes",632,36.3009764503159,1.4562,0.2609,"NA","12","6.833333333","15.16666667","61.66666667","61.66666667",NA,NA,NA,NA,NA,NA,NA,NA,NA,NA,NA
"126","Puerto Viejo","North","OA",1,15,1741,240,"Blades",905,51.9816197587593,0.643,0.1523,"NA","NA","NA","NA","NA","NA",NA,NA,NA,NA,NA,NA,NA,NA,NA,NA,NA
"127","Puerto Viejo","North","OA",2,18,3677,251,"Holdfast",618,16.8071797661137,3.1431,0.8861,"23","NA","NA","NA","NA","NA",NA,NA,NA,NA,NA,NA,NA,NA,NA,NA,NA
"128","Puerto Viejo","North","OA",2,18,3677,251,"Stipes",1519,41.3108512374218,2.9632,0.9706,"NA","1","16","42.5","135","135",NA,NA,NA,NA,NA,NA,NA,NA,NA,NA,NA
"129","Puerto Viejo","North","OA",2,18,3677,251,"Blades",1540,41.8819689964645,0.5484,0.1261,"NA","NA","NA","NA","NA","NA",NA,NA,NA,NA,NA,NA,NA,NA,NA,NA,NA
"130","Puerto Viejo","North","OA",3,17,4082,213,"Holdfast",373,9.13767760901519,2.7626,1.3478,"14","NA","NA","NA","NA","NA",NA,NA,NA,NA,NA,NA,NA,NA,NA,NA,NA
"131","Puerto Viejo","North","OA",3,17,4082,213,"Stipes",1454,35.6197942185203,4.225,0.8408,"NA","4","33.66666667","28.7","119.6666667","119.6666667",NA,NA,NA,NA,NA,NA,NA,NA,NA,NA,NA
"132","Puerto Viejo","North","OA",3,17,4082,213,"Blades",2255,55.2425281724645,0.7928,0.2053,"NA","NA","NA","NA","NA","NA",NA,NA,NA,NA,NA,NA,NA,NA,NA,NA,NA
"133","Puerto Viejo","North","OA",4,18,1502,104,"Holdfast",143,9.52063914780293,4.6088,0.3589,"5","NA","NA","NA","NA","NA",NA,NA,NA,NA,NA,NA,NA,NA,NA,NA,NA
"134","Puerto Viejo","North","OA",4,18,1502,104,"Stipes",364,24.2343541944075,1.3911,1.2346,"NA","7","7.666666667","15.63333333","41.66666667","41.66666667",NA,NA,NA,NA,NA,NA,NA,NA,NA,NA,NA
"135","Puerto Viejo","North","OA",4,18,1502,104,"Blades",995,66.2450066577896,0.6637,0.152,"NA","NA","NA","NA","NA","NA",NA,NA,NA,NA,NA,NA,NA,NA,NA,NA,NA
"136","Puerto Viejo","North","OA",5,9,146,105,"Holdfast",15,10.2739726027397,2.0453,0.3985,"3","NA","NA","NA","NA","NA",NA,NA,NA,NA,NA,NA,NA,NA,NA,NA,NA
"137","Puerto Viejo","North","OA",5,9,146,105,"Stipes",33,22.6027397260274,1.5164,0.6196,"NA","2","7","8.066666667","20","20",NA,NA,NA,NA,NA,NA,NA,NA,NA,NA,NA
"138","Puerto Viejo","North","OA",5,9,146,105,"Blades",98,67.1232876712329,0.7397,0.1803,"NA","NA","NA","NA","NA","NA",NA,NA,NA,NA,NA,NA,NA,NA,NA,NA,NA
"139","Puerto Viejo","North","OA",6,32,7985,225,"Holdfast",1420,17.7833437695679,6.4434,1.1149,"21","NA","NA","NA","NA","NA",NA,NA,NA,NA,NA,NA,NA,NA,NA,NA,NA
"140","Puerto Viejo","North","OA",6,32,7985,225,"Stipes",2750,34.4395742016281,3.3045,1.7576,"NA","4","11.66666667","38.3","112.3333333","112.3333333",NA,NA,NA,NA,NA,NA,NA,NA,NA,NA,NA
"141","Puerto Viejo","North","OA",6,32,7985,225,"Blades",3815,47.777082028804,0.2183,0.0568,"NA","NA","NA","NA","NA","NA",NA,NA,NA,NA,NA,NA,NA,NA,NA,NA,NA
"142","Puerto Viejo","North","OA",7,20,1022,158,"Holdfast",329,32.1917808219178,0.5212,1.6092,"18","NA","NA","NA","NA","NA",NA,NA,NA,NA,NA,NA,NA,NA,NA,NA,NA
"143","Puerto Viejo","North","OA",7,20,1022,158,"Stipes",525,51.3698630136986,5.4144,0.1488,"NA","1","18","31.6","125","125",NA,NA,NA,NA,NA,NA,NA,NA,NA,NA,NA
"144","Puerto Viejo","North","OA",7,20,1022,158,"Blades",168,16.4383561643836,0.1699,0.0433,"NA","NA","NA","NA","NA","NA",NA,NA,NA,NA,NA,NA,NA,NA,NA,NA,NA
"145","Puerto Viejo","North","OA",8,3,26,30,"Holdfast",1,3.84615384615385,0.2184,0.04,"2","NA","NA","NA","NA","NA",NA,NA,NA,NA,NA,NA,NA,NA,NA,NA,NA
"146","Puerto Viejo","North","OA",8,3,26,30,"Stipes",1,3.84615384615385,0.1914,0.0453,"NA","2","1.1","5.6","8.5","8.5",NA,NA,NA,NA,NA,NA,NA,NA,NA,NA,NA
"147","Puerto Viejo","North","OA",8,3,26,30,"Blades",24,92.3076923076923,0.2189,0.0484,"NA","NA","NA","NA","NA","NA",NA,NA,NA,NA,NA,NA,NA,NA,NA,NA,NA
"148","Puerto Viejo","North","OA",9,13,607,147,"Holdfast",117,19.2751235584843,0.7187,0.0882,"5","NA","NA","NA","NA","NA",NA,NA,NA,NA,NA,NA,NA,NA,NA,NA,NA
"149","Puerto Viejo","North","OA",9,13,607,147,"Stipes",209,34.4316309719934,0.3571,0.1895,"NA","9","9","13.16666667","39","39",NA,NA,NA,NA,NA,NA,NA,NA,NA,NA,NA
"150","Puerto Viejo","North","OA",9,13,607,147,"Blades",281,46.2932454695222,0.2425,0.0576,"NA","NA","NA","NA","NA","NA",NA,NA,NA,NA,NA,NA,NA,NA,NA,NA,NA
"151","Puerto Viejo","North","OA",10,7,194,87,"Holdfast",14,7.21649484536082,2.076,0.2705,"3","NA","NA","NA","NA","NA",NA,NA,NA,NA,NA,NA,NA,NA,NA,NA,NA
"152","Puerto Viejo","North","OA",10,7,194,87,"Stipes",48,24.7422680412371,0.8765,0.5244,"NA","3","1.666666667","12.16666667","19.33333333","19.33333333",NA,NA,NA,NA,NA,NA,NA,NA,NA,NA,NA
"153","Puerto Viejo","North","OA",10,7,194,87,"Blades",132,68.0412371134021,0.583,0.1529,"NA","NA","NA","NA","NA","NA",NA,NA,NA,NA,NA,NA,NA,NA,NA,NA,NA
"154","Puerto Viejo","North","OA",11,23,5853,302,"Holdfast",1013,17.307363745088,1.704,1.1064,"25","NA","NA","NA","NA","NA",NA,NA,NA,NA,NA,NA,NA,NA,NA,NA,NA
"155","Puerto Viejo","North","OA",11,23,5853,302,"Stipes",2050,35.0247736203656,3.0853,0.5873,"NA","1","8","63.5","136","136",NA,NA,NA,NA,NA,NA,NA,NA,NA,NA,NA
"156","Puerto Viejo","North","OA",11,23,5853,302,"Blades",2790,47.6678626345464,0.3953,0.1066,"NA","NA","NA","NA","NA","NA",NA,NA,NA,NA,NA,NA,NA,NA,NA,NA,NA
"157","Puerto Viejo","North","OA",12,33,6965,330,"Holdfast",1530,21.9669777458722,1.7653,0.5737,"17","NA","NA","NA","NA","NA",NA,NA,NA,NA,NA,NA,NA,NA,NA,NA,NA
"158","Puerto Viejo","North","OA",12,33,6965,330,"Stipes",2800,40.2010050251256,1.9095,0.5527,"NA","3","21.66666667","43.23333333","126","126",NA,NA,NA,NA,NA,NA,NA,NA,NA,NA,NA
"159","Puerto Viejo","North","OA",12,33,6965,330,"Blades",2635,37.8320172290022,0.5127,0.1227,"NA","NA","NA","NA","NA","NA",NA,NA,NA,NA,NA,NA,NA,NA,NA,NA,NA
"160","Puerto Viejo","North","OA",13,8,213,77,"Holdfast",25,11.7370892018779,0.848,0.5332,"3","NA","NA","NA","NA","NA",NA,NA,NA,NA,NA,NA,NA,NA,NA,NA,NA
"161","Puerto Viejo","North","OA",13,8,213,77,"Stipes",57,26.7605633802817,2.0929,0.138,"NA","3","1","12.6","20.66666667","20.66666667",NA,NA,NA,NA,NA,NA,NA,NA,NA,NA,NA
"162","Puerto Viejo","North","OA",13,8,213,77,"Blades",131,61.5023474178404,0.2973,0.0774,"NA","NA","NA","NA","NA","NA",NA,NA,NA,NA,NA,NA,NA,NA,NA,NA,NA
"163","Chanaral TURF","North-Center","TURF",1,15,1307,125,"Holdfast",202,15.4552410099464,3.681,1.0136,"11","NA","NA","NA","NA","NA",1226,1.336,0.026,26.251,11.779,0.452,451.525,-24.01,1.965,33.797,17.2
"164","Chanaral TURF","North-Center","TURF",1,15,1307,125,"Stipes",339,25.9372609028309,2.2632,0.6268,"NA","2","38","26.15","56","56",1211,1.18,0.022,21.513,11.987,0.397,397.189,-22.733,1.823,33.66,18.463
"165","Chanaral TURF","North-Center","TURF",1,15,1307,125,"Blades",766,58.6074980872226,0.7439,0.1189,"NA","NA","NA","NA","NA","NA",1195,1.447,0.028,28.354,10.474,0.429,428.969,-25.728,1.96,29.645,15.129
"166","Chanaral TURF","North-Center","TURF",2,26,3727,168,"Holdfast",761,20.418567212235,1.5625,0.3416,"17","NA","NA","NA","NA","NA",1227,1.135,0.017,16.551,13.845,0.364,363.587,-25.316,1.458,32.034,21.967
"167","Chanaral TURF","North-Center","TURF",2,26,3727,168,"Stipes",1250,33.5390394419104,3.1206,0.7342,"NA","2","7.4","38.75","87.5","87.5",1212,1.347,0.027,26.858,10.18,0.43,430.161,-24.577,1.994,31.935,16.016
"168","Chanaral TURF","North-Center","TURF",2,26,3727,168,"Blades",1716,46.0423933458546,0.5646,0.078,"NA","NA","NA","NA","NA","NA",1196,1.294,0.027,27.207,11.168,0.37,369.582,-25.058,2.103,28.561,13.584
"169","Chanaral TURF","North-Center","TURF",3,11,1076,248,"Holdfast",159,14.7769516728625,1.1618,0.3573,"12","NA","NA","NA","NA","NA",1228,1.262,0.022,22.157,11.177,0.413,412.886,-23.013,1.756,32.717,18.635
"170","Chanaral TURF","North-Center","TURF",3,11,1076,248,"Stipes",377,35.0371747211896,2.148,0.5523,"NA","1","46","27.1","68","68",1213,1.099,0.019,18.636,9.618,0.365,364.951,-27.474,1.696,33.208,19.583
"171","Chanaral TURF","North-Center","TURF",3,11,1076,248,"Blades",540,50.185873605948,0.5436,0.0887,"NA","NA","NA","NA","NA","NA",1197,1.22,0.026,26.403,11.51,0.385,384.599,-23.23,2.164,31.524,14.566
"172","Chanaral TURF","North-Center","TURF",4,9,280,70,"Holdfast",28,10,0.9085,0.2168,"4","NA","NA","NA","NA","NA",1229,1.513,0.025,24.519,12.248,0.489,488.632,-24.295,1.621,32.296,19.929
"173","Chanaral TURF","North-Center","TURF",4,9,280,70,"Stipes",29,10.3571428571429,1.3944,0.2351,"NA","4","1.666666667","11.86666667","12.33333333","12.33333333",1214,1.239,0.022,22.008,11.269,0.383,383.166,-25.395,1.776,30.925,17.41
"174","Chanaral TURF","North-Center","TURF",4,9,280,70,"Blades",223,79.6428571428571,0.689,0.1062,"NA","NA","NA","NA","NA","NA",1198,1.306,0.023,22.735,10.643,0.322,322.435,-24.979,1.741,24.689,14.182
"175","Chanaral TURF","North-Center","TURF",5,14,1073,145,"Holdfast",265,24.6971109040075,1.0577,0.3028,"9","NA","NA","NA","NA","NA",1230,1.179,0.018,17.728,11.995,0.388,388.127,-24.758,1.504,32.92,21.893
"176","Chanaral TURF","North-Center","TURF",5,14,1073,145,"Stipes",661,61.6029822926375,3.7875,1.0008,"NA","2","39.5","35.1","74.5","74.5",1215,1.137,0.02,19.683,10.622,0.362,361.86,-27.62,1.731,31.826,18.385
"177","Chanaral TURF","North-Center","TURF",5,14,1073,145,"Blades",147,13.6999068033551,0.6596,0.1155,"NA","NA","NA","NA","NA","NA",NA,NA,NA,NA,NA,NA,NA,NA,NA,NA,NA
"178","Chanaral TURF","North-Center","TURF",6,14,946,105,"Holdfast",221,23.3615221987315,2.8424,0.7423,"8","NA","NA","NA","NA","NA",1231,1.106,0.021,20.545,12.956,0.362,361.969,-22.502,1.858,32.728,17.618
"179","Chanaral TURF","North-Center","TURF",6,14,946,105,"Stipes",254,26.8498942917548,2.5792,0.6842,"NA","2","25","22.05","46.5","46.5",1217,1.303,0.024,23.994,11.402,0.409,408.54,-24.226,1.841,31.354,17.027
"180","Chanaral TURF","North-Center","TURF",6,14,946,105,"Blades",471,49.7885835095137,0.5619,0.0752,"NA","NA","NA","NA","NA","NA",1199,1.327,0.024,24.442,10.617,0.344,344.449,-24.85,1.842,25.957,14.092
"181","Chanaral TURF","North-Center","TURF",7,20,1752,10,"Holdfast",570,32.5342465753425,4.7596,1.3268,"15","NA","NA","NA","NA","NA",1232,1.149,0.019,19.355,12.195,0.381,381.438,-22.883,1.685,33.197,19.708
"182","Chanaral TURF","North-Center","TURF",7,20,1752,10,"Stipes",427,24.3721461187215,1.7074,0.4784,"NA","2","7.5","30.65","62","62",1218,1.312,0.028,28.378,11.264,0.436,436.237,-22.575,2.163,33.25,15.373
"183","Chanaral TURF","North-Center","TURF",7,20,1752,10,"Blades",755,43.0936073059361,0.666,0.1053,"NA","NA","NA","NA","NA","NA",1200,1.206,0.026,26.035,11.373,0.337,337.036,-22.761,2.159,27.947,12.945
"184","Chanaral TURF","North-Center","TURF",8,24,6589,196,"Holdfast",1094,16.6034299590226,1.5794,0.4641,"20","NA","NA","NA","NA","NA",1233,1.337,0.025,25.297,12.532,0.449,448.777,-19.291,1.892,33.566,17.741
"185","Chanaral TURF","North-Center","TURF",8,24,6589,196,"Stipes",1555,23.5999392927607,2.469,0.6636,"NA","3","79","34.03333333","132","132",1219,1.134,0.024,23.707,11.173,0.386,385.691,-22.949,2.091,34.012,16.269
"186","Chanaral TURF","North-Center","TURF",8,24,6589,196,"Blades",3940,59.7966307482167,0.6938,0.1094,"NA","NA","NA","NA","NA","NA",1204,1.152,0.03,30.034,11.011,0.39,390.271,-21.564,2.607,33.878,12.994
"187","Chanaral TURF","North-Center","TURF",9,20,7014,168,"Holdfast",1069,15.2409466780724,2.3486,0.6521,"21","NA","NA","NA","NA","NA",1234,1.201,0.024,24.038,12.735,0.398,397.958,-22.29,2.001,33.136,16.556
"188","Chanaral TURF","North-Center","TURF",9,20,7014,168,"Stipes",2775,39.5637296834902,1.4958,0.3882,"NA","3","20.66666667","37.76666667","100","100",1220,1.214,0.026,26.301,11.48,0.419,419.338,-21.018,2.167,34.542,15.944
"189","Chanaral TURF","North-Center","TURF",9,20,7014,168,"Blades",3170,45.1953236384374,0.7361,0.1083,"NA","NA","NA","NA","NA","NA",1205,1.324,0.03,29.827,10.199,0.398,398.171,-23,2.253,30.073,13.349
"190","Chanaral TURF","North-Center","TURF",10,25,18700,265,"Holdfast",3200,17.1122994652406,1.641,0.377,"30","NA","NA","NA","NA","NA",1237,1.519,0.034,34.296,17.16,0.485,485.273,-20.968,2.258,31.947,14.15
"191","Chanaral TURF","North-Center","TURF",10,25,18700,265,"Stipes",8615,46.0695187165775,1.6577,0.4441,"NA","8","33.33333333","43.03333333","161.6666667","161.6666667",1221,1.19,0.024,24.26,10.735,0.385,385.458,-22.27,2.039,32.391,15.889
"192","Chanaral TURF","North-Center","TURF",10,25,18700,265,"Blades",6885,36.8181818181818,0.5311,0.0781,"NA","NA","NA","NA","NA","NA",1206,1.304,0.03,29.601,10.941,0.36,359.847,-25.782,2.27,27.596,12.156
"193","Chanaral TURF","North-Center","TURF",11,9,269,46,"Holdfast",36,13.3828996282528,1.0849,0.2603,"6","NA","NA","NA","NA","NA",1238,1.266,0.028,28.055,11.527,0.444,444.044,-19.563,2.216,35.075,15.828
"194","Chanaral TURF","North-Center","TURF",11,9,269,46,"Stipes",13,4.83271375464684,1.044,0.2457,"NA","10","2","8.666666667","3","3",1222,1.442,0.027,27.41,10.428,0.465,464.787,-20.194,1.901,32.232,16.957
"195","Chanaral TURF","North-Center","TURF",11,9,269,46,"Blades",220,81.7843866171004,0.063,0.1964,"NA","NA","NA","NA","NA","NA",1207,1.402,0.026,26.48,11.774,0.379,378.858,-19.231,1.889,27.023,14.307
"196","Chanaral TURF","North-Center","TURF",12,13,477,82,"Holdfast",55,11.5303983228512,2.136,0.3806,"3","NA","NA","NA","NA","NA",1239,1.101,0.022,21.759,14.38,0.313,312.747,-21.956,1.976,28.406,14.373
"197","Chanaral TURF","North-Center","TURF",12,13,477,82,"Stipes",51,10.6918238993711,2.1318,0.4058,"NA","9","2.733333333","20.2","7.666666667","7.666666667",1223,1.35,0.029,28.71,11.472,0.449,449.346,-24.685,2.127,33.285,15.651
"198","Chanaral TURF","North-Center","TURF",12,13,477,82,"Blades",371,77.7777777777778,1.1844,0.1692,"NA","NA","NA","NA","NA","NA",1208,1.459,0.036,35.824,11.303,0.505,504.827,-23.6,2.455,34.601,14.092
"199","Chanaral TURF","North-Center","TURF",13,9,240,59,"Holdfast",32,13.3333333333333,1.6657,0.3755,"5","NA","NA","NA","NA","NA",1240,1.412,0.026,25.925,12.073,0.462,461.754,-17.462,1.836,32.702,17.811
"200","Chanaral TURF","North-Center","TURF",13,9,240,59,"Stipes",21,8.75,1.7593,0.4725,"NA","5","3","10.3","6.666666667","6.666666667",1224,1.23,0.022,22.491,13.16,0.411,410.697,-16.893,1.829,33.39,18.26
"201","Chanaral TURF","North-Center","TURF",13,9,240,59,"Blades",187,77.9166666666667,0.7263,0.1337,"NA","NA","NA","NA","NA","NA",1209,1.112,0.022,21.57,11.732,0.305,304.958,-17.717,1.94,27.424,14.138
"202","Chanaral TURF","North-Center","TURF",14,5,21,32,"Holdfast",1,4.76190476190476,0.6057,0.154,"3","NA","NA","NA","NA","NA",1241,1.167,0.016,15.654,11.775,0.354,354.413,-26.06,1.341,30.37,22.641
"203","Chanaral TURF","North-Center","TURF",14,5,21,32,"Stipes",1,4.76190476190476,0.3545,0.1112,"NA","1","2","6.7","4","4",1225,1.465,0.027,27.044,11.136,0.441,441.473,-26.953,1.846,30.135,16.325
"204","Chanaral TURF","North-Center","TURF",14,5,21,32,"Blades",19,90.4761904761905,0.8259,0.1067,"NA","NA","NA","NA","NA","NA",1210,1.248,0.022,21.548,11.545,0.327,326.983,-27.741,1.727,26.201,15.174
"205","Chanaral OA","North-Center","OA",1,17,6551,212,"Holdfast",491,7.49503892535491,2.0495,0.4709,"19","NA","NA","NA","NA","NA",1148,1.425,0.028,27.798,13.472,0.479,478.614,-21.467,1.951,33.587,17.218
"206","Chanaral OA","North-Center","OA",1,17,6551,212,"Stipes",3520,53.7322546176156,0.8954,0.225,"NA","1","13","56.9","160","160",1175,1.204,0.023,23.056,10.251,0.38,379.571,-21.63,1.915,31.526,16.463
"207","Chanaral OA","North-Center","OA",1,17,6551,212,"Blades",2540,38.7727064570295,0.817,0.1243,"NA","NA","NA","NA","NA","NA",1126,1.445,0.028,27.639,11.194,0.416,416.177,-21.628,1.913,28.801,15.058
"208","Chanaral OA","North-Center","OA",2,22,6863,207,"Holdfast",728,10.6076060032056,1.2931,0.2888,"16","NA","NA","NA","NA","NA",1149,1.414,0.026,25.521,13.002,0.481,480.591,-22.107,1.805,33.988,18.831
"209","Chanaral OA","North-Center","OA",2,22,6863,207,"Stipes",1880,27.3932682500364,1.2118,0.3606,"NA","1","5","54.3","93","93",1176,1.579,0.025,25.445,11.433,0.515,515.457,-22.118,1.611,32.645,20.257
"210","Chanaral OA","North-Center","OA",2,22,6863,207,"Blades",4255,61.999125746758,0.8112,0.1185,"NA","NA","NA","NA","NA","NA",1127,1.35,0.024,23.651,11.531,0.362,361.909,-19.207,1.752,26.808,15.302
"211","Chanaral OA","North-Center","OA",3,28,7932,170,"Holdfast",1092,13.767019667171,3.1731,0.8126,"17","NA","NA","NA","NA","NA",1150,1.25,0.026,25.631,11.15,0.432,432.066,-22.487,2.05,34.565,16.857
"212","Chanaral OA","North-Center","OA",3,28,7932,170,"Stipes",1635,20.6127080181543,2.3545,0.6861,"NA","3","13","37.56666667","93.66666667","93.66666667",1177,1.195,0.027,26.504,10.615,0.39,389.537,-22.743,2.218,32.597,14.698
"213","Chanaral OA","North-Center","OA",3,28,7932,170,"Blades",5205,65.6202723146747,0.7972,0.1308,"NA","NA","NA","NA","NA","NA",1128,1.209,0.022,21.505,10.375,0.346,346.117,-24.728,1.779,28.628,16.095
"214","Chanaral OA","North-Center","OA",4,20,3973,222,"Holdfast",913,22.9801157815253,3.6326,0.9217,"25","NA","NA","NA","NA","NA",1151,1.202,0.019,19.089,11.82,0.403,403.287,-24.37,1.588,33.551,21.127
"215","Chanaral OA","North-Center","OA",4,20,3973,222,"Stipes",2045,51.4724389630003,3.9891,0.9169,"NA","1","46","42.9","170","170",NA,NA,NA,NA,NA,NA,NA,NA,NA,NA,NA
"216","Chanaral OA","North-Center","OA",4,20,3973,222,"Blades",1015,25.5474452554745,0.975,0.1508,"NA","NA","NA","NA","NA","NA",1129,1.364,0.029,28.919,10.623,0.441,440.994,-23.352,2.12,32.331,15.249
"217","Chanaral OA","North-Center","OA",5,18,5002,170,"Holdfast",772,15.4338264694122,1.9848,0.5406,"22","NA","NA","NA","NA","NA",1152,1.206,0.027,27.391,11.621,0.422,422.125,-22.101,2.271,35.002,15.411
"218","Chanaral OA","North-Center","OA",5,18,5002,170,"Stipes",1285,25.6897241103559,2.2555,0.5928,"NA","4","25.33333333","29.7","91.33333333","91.33333333",1179,1.173,0.043,43.143,9.463,0.74,739.727,-22.305,3.678,63.063,17.146
"219","Chanaral OA","North-Center","OA",5,18,5002,170,"Blades",2945,58.8764494202319,0.8514,0.1458,"NA","NA","NA","NA","NA","NA",1130,1.21,0.028,27.943,10.146,0.417,417.021,-25.199,2.309,34.465,14.924
"220","Chanaral OA","North-Center","OA",6,24,4680,195,"Holdfast",935,19.9786324786325,1.4678,0.2894,"21","NA","NA","NA","NA","NA",1153,1.311,0.021,21.204,12.968,0.426,425.813,-22.041,1.617,32.48,20.082
"221","Chanaral OA","North-Center","OA",6,24,4680,195,"Stipes",2200,47.008547008547,1.9334,0.5009,"NA","1","9","48.3","124","124",1180,1.417,0.027,26.988,9.514,0.439,439.246,-24.078,1.905,30.998,16.275
"222","Chanaral OA","North-Center","OA",6,24,4680,195,"Blades",1545,33.0128205128205,0.6737,0.1069,"NA","NA","NA","NA","NA","NA",1131,1.365,0.023,23.178,10.404,0.364,363.643,-23.319,1.698,26.641,15.689
"223","Chanaral OA","North-Center","OA",7,22,750,100,"Holdfast",178,23.7333333333333,1.1221,0.2506,"11","NA","NA","NA","NA","NA",1154,1.159,0.016,16.015,12.314,0.362,361.534,-24.297,1.382,31.194,22.575
"224","Chanaral OA","North-Center","OA",7,22,750,100,"Stipes",285,38,1.1283,0.1507,"NA","11","3.333333333","22.1","29.66666667","29.66666667",1181,1.39,0.022,22.06,9.108,0.389,388.818,-24.551,1.587,27.972,17.626
"225","Chanaral OA","North-Center","OA",7,22,750,100,"Blades",287,38.2666666666667,0.9347,0.1206,"NA","NA","NA","NA","NA","NA",1132,1.205,0.023,22.971,11.06,0.328,327.817,-22.839,1.906,27.205,14.271
"226","Chanaral OA","North-Center","OA",8,20,3368,174,"Holdfast",659,19.5665083135392,2.0579,0.5541,"24","NA","NA","NA","NA","NA",1155,1.156,0.022,21.537,12.188,0.377,376.609,-22.221,1.863,32.579,17.487
"227","Chanaral OA","North-Center","OA",8,20,3368,174,"Stipes",1995,59.2339667458432,2.6373,0.7953,"NA","2","32","39.75","133.5","133.5",1182,1.412,0.024,23.518,8.979,0.433,433.425,-24.132,1.666,30.696,18.43
"228","Chanaral OA","North-Center","OA",8,20,3368,174,"Blades",714,21.1995249406176,0.8479,0.1831,"NA","NA","NA","NA","NA","NA",1133,1.255,0.027,27.381,10.055,0.439,439.28,-23.475,2.182,35.002,16.043
"229","Chanaral OA","North-Center","OA",9,20,2603,130,"Holdfast",757,29.0818286592393,1.0712,0.2228,"18","NA","NA","NA","NA","NA",1156,1.164,0.017,16.899,11.344,0.365,365.257,-22.177,1.452,31.379,21.614
"230","Chanaral OA","North-Center","OA",9,20,2603,130,"Stipes",749,28.7744909719554,0.8158,0.186,"NA","13","2.833333333","27.16666667","36.33333333","36.33333333",1183,1.272,0.021,20.544,10.178,0.4,399.871,-23.251,1.615,31.436,19.465
"231","Chanaral OA","North-Center","OA",9,20,2603,130,"Blades",1097,42.1436803688052,0.775,0.1383,"NA","NA","NA","NA","NA","NA",1134,1.113,0.023,22.906,10.569,0.364,363.556,-21.449,2.058,32.664,15.872
"232","Chanaral OA","North-Center","OA",10,12,828,108,"Holdfast",125,15.0966183574879,2.0015,0.4394,"7","NA","NA","NA","NA","NA",1157,1.328,0.025,25.173,10.37,0.43,429.858,-19.84,1.896,32.369,17.076
"233","Chanaral OA","North-Center","OA",10,12,828,108,"Stipes",163,19.6859903381643,1.8649,0.3864,"NA","4","2","18.5","28.33333333","28.33333333",1184,1.34,0.023,22.715,10.716,0.415,415.26,-21.983,1.695,30.99,18.281
"234","Chanaral OA","North-Center","OA",10,12,828,108,"Blades",540,65.2173913043478,0.7528,0.121,"NA","NA","NA","NA","NA","NA",1135,1.232,0.019,18.992,10.611,0.307,306.515,-22.029,1.542,24.879,16.139
"235","Chanaral OA","North-Center","OA",11,14,475,92,"Holdfast",121,25.4736842105263,2.1567,0.5031,"8","NA","NA","NA","NA","NA",1164,1.413,0.022,22.145,10.992,0.452,452.192,-20.379,1.567,32.002,20.419
"236","Chanaral OA","North-Center","OA",11,14,475,92,"Stipes",162,34.1052631578947,0.9183,0.129,"NA","14","6.666666667","17.7","23.66666667","23.66666667",1185,1.573,0.019,18.827,10.596,0.418,417.822,-25.044,1.197,26.562,22.193
"237","Chanaral OA","North-Center","OA",11,14,475,92,"Blades",192,40.4210526315789,0.7734,0.136,"NA","NA","NA","NA","NA","NA",1136,1.342,0.025,25.063,10.661,0.427,427.32,-20.21,1.868,31.842,17.05
"238","Chanaral OA","North-Center","OA",12,17,1063,133,"Holdfast",132,12.41768579492,1.0514,0.2701,"4","NA","NA","NA","NA","NA",1165,1.116,0.016,15.978,9.974,0.366,366.328,-25.306,1.432,32.825,22.927
"239","Chanaral OA","North-Center","OA",12,17,1063,133,"Stipes",168,15.8043273753528,2.0856,0.5197,"NA","6","2.333333333","20.93333333","24","24",NA,NA,NA,NA,NA,NA,NA,NA,NA,NA,NA
"240","Chanaral OA","North-Center","OA",12,17,1063,133,"Blades",763,71.7779868297272,0.64,0.0838,"NA","NA","NA","NA","NA","NA",1137,1.105,0.021,20.58,10.893,0.338,337.565,-24.171,1.862,30.549,16.402
"241","Chanaral OA","North-Center","OA",18,13,1410,139,"Holdfast",115,8.15602836879433,1.2013,0.3586,"12","NA","NA","NA","NA","NA",NA,NA,NA,NA,NA,NA,NA,NA,NA,NA,NA
"242","Chanaral OA","North-Center","OA",18,13,1410,139,"Stipes",260,18.4397163120567,2.62231,0.7061,"NA","1","42","34","63","63",NA,NA,NA,NA,NA,NA,NA,NA,NA,NA,NA
"243","Chanaral OA","North-Center","OA",18,13,1410,139,"Blades",1035,73.4042553191489,0.5893,0.0514,"NA","NA","NA","NA","NA","NA",1144,1.258,0.023,22.973,10.413,0.366,366.01,-20.811,1.826,29.095,15.932
"244","Chanaral OA","North-Center","OA",22,4,228,69,"Holdfast",7,3.07017543859649,2.357,0.5627,"4","NA","NA","NA","NA","NA",1174,1.48,0.023,22.844,11.161,0.455,455.079,-25.09,1.544,30.749,19.921
"245","Chanaral OA","North-Center","OA",22,4,228,69,"Stipes",23,10.0877192982456,1.5763,0.2757,"NA","2","3.5","16.15","15","15",1194,1.124,0.016,15.971,10.218,0.302,302.425,-25.334,1.421,26.906,18.936
"246","Chanaral OA","North-Center","OA",22,4,228,69,"Blades",198,86.8421052631579,1.0131,0.1531,"NA","NA","NA","NA","NA","NA",1147,1.297,0.027,27.02,10.853,0.448,447.588,-24.002,2.083,34.509,16.565
"247","Chanaral OA","North-Center","OA",15,11,671,87,"Holdfast",59,8.79284649776453,1.5386,0.3406,"5","NA","NA","NA","NA","NA",1166,1.335,0.022,21.538,11.512,0.424,424.473,-23.93,1.613,31.796,19.708
"248","Chanaral OA","North-Center","OA",15,11,671,87,"Stipes",42,6.25931445603577,1.2852,0.2126,"NA","20","2.333333333","11.93333333","8.333333333","8.333333333",1189,1.428,0.023,22.929,10.658,0.395,395.338,-23.938,1.606,27.685,17.242
"249","Chanaral OA","North-Center","OA",15,11,671,87,"Blades",570,84.9478390461997,0.4377,0.0514,"NA","NA","NA","NA","NA","NA",1141,1.344,0.025,25.485,10.819,0.376,376.392,-24.203,1.896,28.005,14.769
"250","Chanaral OA","North-Center","OA",16,5,178,48,"Holdfast",13,7.30337078651685,1.9921,0.4127,"3","NA","NA","NA","NA","NA",1167,1.49,0.024,23.621,11.386,0.453,453.278,-18.643,1.585,30.421,19.189
"251","Chanaral OA","North-Center","OA",16,5,178,48,"Stipes",11,6.17977528089888,0.7888,0.1383,"NA","9","1.766666667","13.1","5","5",1190,1.349,0.023,22.994,11.362,0.393,392.78,-18.027,1.705,29.116,17.082
"252","Chanaral OA","North-Center","OA",16,5,178,48,"Blades",154,86.5168539325843,0.3748,0.0468,"NA","NA","NA","NA","NA","NA",1142,1.308,0.023,23.371,10.485,0.336,336.111,-20.745,1.787,25.697,14.382
"253","Chanaral OA","North-Center","OA",17,10,144,58,"Holdfast",35,24.3055555555556,1.4397,0.2776,"3","NA","NA","NA","NA","NA",1168,1.145,0.017,17.205,11.066,0.364,363.747,-19.709,1.503,31.768,21.142
"254","Chanaral OA","North-Center","OA",17,10,144,58,"Stipes",8,5.55555555555556,0.8946,0.1838,"NA","6","2.866666667","13.43333333","4","4",1191,1.193,0.021,21.037,10.309,0.351,350.788,-18.922,1.763,29.404,16.675
"255","Chanaral OA","North-Center","OA",17,10,144,58,"Blades",101,70.1388888888889,0.023,0.1608,"NA","NA","NA","NA","NA","NA",1143,1.47,0.027,27.094,10.397,0.404,404.216,-19.16,1.843,27.498,14.919
"256","Chanaral OA","North-Center","OA",20,13,390,71,"Holdfast",46,11.7948717948718,2.9341,0.6032,"5","NA","NA","NA","NA","NA",1169,1.282,0.021,20.681,11.007,0.408,408.397,-20.078,1.613,31.856,19.748
"257","Chanaral OA","North-Center","OA",20,13,390,71,"Stipes",21,5.38461538461539,1.9826,0.4243,"NA","10","2.333333333","12.1","7","7",1192,1.427,0.026,25.878,10.072,0.451,451.165,-20.211,1.813,31.616,17.434
"258","Chanaral OA","North-Center","OA",20,13,390,71,"Blades",323,82.8205128205128,0.87,0.1173,"NA","NA","NA","NA","NA","NA",1145,1.309,0.027,27.077,11.164,0.422,422.272,-19.974,2.069,32.259,15.595
"259","Chanaral OA","North-Center","OA",21,27,13946,286,"Holdfast",2161,15.4954825756489,0.9146,0.2403,"27","NA","NA","NA","NA","NA",1170,1.168,0.026,25.519,12.967,0.403,402.573,-22.319,2.185,34.467,15.775
"260","Chanaral OA","North-Center","OA",21,27,13946,286,"Stipes",5035,36.1035422343324,0.8327,0.1949,"NA","3","43","45.46666667","178","178",1193,1.19,0.024,23.967,10.141,0.365,364.511,-21.235,2.014,30.631,15.209
"261","Chanaral OA","North-Center","OA",21,27,13946,286,"Blades",6750,48.4009751900186,0.7175,0.1462,"NA","NA","NA","NA","NA","NA",1146,1.396,0.027,26.84,10.156,0.409,408.938,-21.154,1.923,29.294,15.236
